{
  "name": "Banksy",
  "source_file": "banksy.json",
  "processed_at": "2026-01-06T06:15:01.702344",
  "knowledge_builder": {
    "runs": 2,
    "embeddings": [
      {
        "run": 1,
        "dimensions": 3072,
        "embedding": [
          0.009958329610526562,
          0.010546527802944183,
          0.027312899008393288,
          0.016290737316012383,
          0.00487484410405159,
          0.020928364247083664,
          0.017244670540094376,
          0.013280301354825497,
          0.030933434143662453,
          0.014288760721683502,
          "..."
        ],
        "has_collected_knowledge": true,
        "error": null
      },
      {
        "run": 2,
        "dimensions": 3072,
        "embedding": [
          0.009958329610526562,
          0.010546527802944183,
          0.027312899008393288,
          0.016290737316012383,
          0.00487484410405159,
          0.020928364247083664,
          0.017244670540094376,
          0.013280301354825497,
          0.030933434143662453,
          0.014288760721683502,
          "..."
        ],
        "has_collected_knowledge": true,
        "error": null
      }
    ]
  },
  "skill_builder": {
    "runs": 2,
    "embeddings": [
      {
        "run": 1,
        "dimensions": 3072,
        "embedding": [
          0.015089391730725765,
          0.011638370342552662,
          0.010274103842675686,
          0.013592643663287163,
          0.01209999155253172,
          0.01513646449893713,
          0.004064634442329407,
          0.008104223757982254,
          0.02384931780397892,
          0.01161485817283392,
          "..."
        ],
        "skill_count": 5,
        "salts_used": [
          "anonymously_powerful",
          "satirically_sharp",
          "politically_subversive",
          "artistically_accessible",
          "mysteriously_present"
        ],
        "error": null
      },
      {
        "run": 2,
        "dimensions": 3072,
        "embedding": [
          0.015089391730725765,
          0.011638370342552662,
          0.010274103842675686,
          0.013592643663287163,
          0.01209999155253172,
          0.01513646449893713,
          0.004064634442329407,
          0.008104223757982254,
          0.02384931780397892,
          0.01161485817283392,
          "..."
        ],
        "skill_count": 5,
        "salts_used": [
          "anonymously_powerful",
          "satirically_sharp",
          "politically_subversive",
          "artistically_accessible",
          "mysteriously_present"
        ],
        "error": null
      }
    ]
  }
}