{
  "name": "Bruce Schneier",
  "source_file": "bruce_schneier.json",
  "processed_at": "2026-01-06T06:15:17.537034",
  "knowledge_builder": {
    "runs": 2,
    "embeddings": [
      {
        "run": 1,
        "dimensions": 3072,
        "embedding": [
          0.013549488969147205,
          0.009924884885549545,
          0.00468194205313921,
          0.00556299090385437,
          0.02188556268811226,
          0.019462553784251213,
          0.022092072293162346,
          0.027395324781537056,
          0.017458820715546608,
          0.009623716585338116,
          "..."
        ],
        "has_collected_knowledge": true,
        "error": null
      },
      {
        "run": 2,
        "dimensions": 3072,
        "embedding": [
          0.013549488969147205,
          0.009924884885549545,
          0.00468194205313921,
          0.00556299090385437,
          0.02188556268811226,
          0.019462553784251213,
          0.022092072293162346,
          0.027395324781537056,
          0.017458820715546608,
          0.009623716585338116,
          "..."
        ],
        "has_collected_knowledge": true,
        "error": null
      }
    ]
  },
  "skill_builder": {
    "runs": 2,
    "embeddings": [
      {
        "run": 1,
        "dimensions": 3072,
        "embedding": [
          0.01030760072171688,
          0.01000596210360527,
          0.015712697058916092,
          0.010909740813076496,
          0.020840579643845558,
          0.015194586478173733,
          0.007305830717086792,
          0.024286312982439995,
          0.029959140345454216,
          0.015820948407053947,
          "..."
        ],
        "skill_count": 5,
        "salts_used": [
          "analytical",
          "pragmatic",
          "skeptical",
          "systems_thinker",
          "educator",
          "cryptography",
          "security_engineering",
          "privacy"
        ],
        "error": null
      },
      {
        "run": 2,
        "dimensions": 3072,
        "embedding": [
          0.01030760072171688,
          0.01000596210360527,
          0.015712697058916092,
          0.010909740813076496,
          0.020840579643845558,
          0.015194586478173733,
          0.007305830717086792,
          0.024286312982439995,
          0.029959140345454216,
          0.015820948407053947,
          "..."
        ],
        "skill_count": 5,
        "salts_used": [
          "analytical",
          "pragmatic",
          "skeptical",
          "systems_thinker",
          "educator",
          "cryptography",
          "security_engineering",
          "privacy"
        ],
        "error": null
      }
    ]
  }
}