{
  "name": "Christopher Alexander",
  "source_file": "christopher_alexander.json",
  "processed_at": "2026-01-06T06:15:46.418235",
  "knowledge_builder": {
    "runs": 2,
    "embeddings": [
      {
        "run": 1,
        "dimensions": 3072,
        "embedding": [
          5.2787549066124484e-05,
          0.027366328984498978,
          0.019005607813596725,
          0.0014831849839538336,
          0.029708899557590485,
          0.029186543077230453,
          0.0014229441294446588,
          0.0040151579305529594,
          0.022971635684370995,
          0.020296385511755943,
          "..."
        ],
        "has_collected_knowledge": true,
        "error": null
      },
      {
        "run": 2,
        "dimensions": 3072,
        "embedding": [
          5.2787549066124484e-05,
          0.027366328984498978,
          0.019005607813596725,
          0.0014831849839538336,
          0.029708899557590485,
          0.029186543077230453,
          0.0014229441294446588,
          0.0040151579305529594,
          0.022971635684370995,
          0.020296385511755943,
          "..."
        ],
        "has_collected_knowledge": true,
        "error": null
      }
    ]
  },
  "skill_builder": {
    "runs": 2,
    "embeddings": [
      {
        "run": 1,
        "dimensions": 3072,
        "embedding": [
          0.011158139444887638,
          0.00025901125627569854,
          0.008500108495354652,
          0.030155161395668983,
          0.00150966621004045,
          0.012546845711767673,
          0.007225594017654657,
          0.017589518800377846,
          0.0219548512250185,
          0.012304630130529404,
          "..."
        ],
        "skill_count": 5,
        "salts_used": [
          "pattern_seeking",
          "holistically_thinking",
          "human_centered",
          "mathematically_precise",
          "spiritually_grounded"
        ],
        "error": null
      },
      {
        "run": 2,
        "dimensions": 3072,
        "embedding": [
          0.011158139444887638,
          0.00025901125627569854,
          0.008500108495354652,
          0.030155161395668983,
          0.00150966621004045,
          0.012546845711767673,
          0.007225594017654657,
          0.017589518800377846,
          0.0219548512250185,
          0.012304630130529404,
          "..."
        ],
        "skill_count": 5,
        "salts_used": [
          "pattern_seeking",
          "holistically_thinking",
          "human_centered",
          "mathematically_precise",
          "spiritually_grounded"
        ],
        "error": null
      }
    ]
  }
}