{
  "name": "Coach Beard",
  "source_file": "coach_beard.json",
  "processed_at": "2026-01-06T06:15:52.621726",
  "knowledge_builder": {
    "runs": 2,
    "embeddings": [
      {
        "run": 1,
        "dimensions": 3072,
        "embedding": [
          0.01065091323107481,
          0.015151873230934143,
          0.028031714260578156,
          0.00983396451920271,
          0.019058862701058388,
          0.016912711784243584,
          0.002419608412310481,
          0.0072494628839194775,
          0.029637647792696953,
          0.017956143245100975,
          "..."
        ],
        "has_collected_knowledge": true,
        "error": null
      },
      {
        "run": 2,
        "dimensions": 3072,
        "embedding": [
          0.01065091323107481,
          0.015151873230934143,
          0.028031714260578156,
          0.00983396451920271,
          0.019058862701058388,
          0.016912711784243584,
          0.002419608412310481,
          0.0072494628839194775,
          0.029637647792696953,
          0.017956143245100975,
          "..."
        ],
        "has_collected_knowledge": true,
        "error": null
      }
    ]
  },
  "skill_builder": {
    "runs": 2,
    "embeddings": [
      {
        "run": 1,
        "dimensions": 3072,
        "embedding": [
          0.013435332104563713,
          0.027517423033714294,
          0.021053997799754143,
          0.021208850666880608,
          0.005600310862064362,
          0.00091061822604388,
          0.025806965306401253,
          0.024220697581768036,
          0.022372106090188026,
          0.02270757593214512,
          "..."
        ],
        "skill_count": 0,
        "salts_used": [],
        "error": null
      },
      {
        "run": 2,
        "dimensions": 3072,
        "embedding": [
          0.013435332104563713,
          0.027517423033714294,
          0.021053997799754143,
          0.021208850666880608,
          0.005600310862064362,
          0.00091061822604388,
          0.025806965306401253,
          0.024220697581768036,
          0.022372106090188026,
          0.02270757593214512,
          "..."
        ],
        "skill_count": 0,
        "salts_used": [],
        "error": null
      }
    ]
  }
}