{
  "name": "Don Norman",
  "source_file": "don_norman.json",
  "processed_at": "2026-01-06T06:16:10.537363",
  "knowledge_builder": {
    "runs": 2,
    "embeddings": [
      {
        "run": 1,
        "dimensions": 3072,
        "embedding": [
          0.01015505101531744,
          0.01489640586078167,
          0.01889679953455925,
          0.015644634142518044,
          0.015094214119017124,
          0.031194142997264862,
          0.021941782906651497,
          0.01683526113629341,
          0.0020498246885836124,
          0.026959119364619255,
          "..."
        ],
        "has_collected_knowledge": true,
        "error": null
      },
      {
        "run": 2,
        "dimensions": 3072,
        "embedding": [
          0.01015505101531744,
          0.01489640586078167,
          0.01889679953455925,
          0.015644634142518044,
          0.015094214119017124,
          0.031194142997264862,
          0.021941782906651497,
          0.01683526113629341,
          0.0020498246885836124,
          0.026959119364619255,
          "..."
        ],
        "has_collected_knowledge": true,
        "error": null
      }
    ]
  },
  "skill_builder": {
    "runs": 2,
    "embeddings": [
      {
        "run": 1,
        "dimensions": 3072,
        "embedding": [
          0.023692583665251732,
          0.009240624494850636,
          0.01640942692756653,
          0.024592984467744827,
          0.003249634988605976,
          0.02879311889410019,
          0.008670846931636333,
          0.011464707553386688,
          0.0013458641478791833,
          0.019148219376802444,
          "..."
        ],
        "skill_count": 3,
        "salts_used": [
          "Human-Centered Design",
          "Cognitive Science",
          "Usability"
        ],
        "error": null
      },
      {
        "run": 2,
        "dimensions": 3072,
        "embedding": [
          0.023692583665251732,
          0.009240624494850636,
          0.01640942692756653,
          0.024592984467744827,
          0.003249634988605976,
          0.02879311889410019,
          0.008670846931636333,
          0.011464707553386688,
          0.0013458641478791833,
          0.019148219376802444,
          "..."
        ],
        "skill_count": 3,
        "salts_used": [
          "Human-Centered Design",
          "Cognitive Science",
          "Usability"
        ],
        "error": null
      }
    ]
  }
}