{
  "name": "Don Quixote de la Mancha",
  "source_file": "don_quixote.json",
  "processed_at": "2026-01-06T06:16:15.699962",
  "knowledge_builder": {
    "runs": 2,
    "embeddings": [
      {
        "run": 1,
        "dimensions": 3072,
        "embedding": [
          0.02967826835811138,
          0.0040216813795268536,
          0.027824053540825844,
          0.015509272925555706,
          0.02785039320588112,
          0.014329329133033752,
          0.010770917870104313,
          0.005590301938354969,
          0.02615300752222538,
          0.019847188144922256,
          "..."
        ],
        "has_collected_knowledge": true,
        "error": null
      },
      {
        "run": 2,
        "dimensions": 3072,
        "embedding": [
          0.02967826835811138,
          0.0040216813795268536,
          0.027824053540825844,
          0.015509272925555706,
          0.02785039320588112,
          0.014329329133033752,
          0.010770917870104313,
          0.005590301938354969,
          0.02615300752222538,
          0.019847188144922256,
          "..."
        ],
        "has_collected_knowledge": true,
        "error": null
      }
    ]
  },
  "skill_builder": {
    "runs": 2,
    "embeddings": [
      {
        "run": 1,
        "dimensions": 3072,
        "embedding": [
          0.021210581064224243,
          0.008320977911353111,
          0.021214822307229042,
          0.01784351095557213,
          0.0018123207846656442,
          0.024453947320580482,
          0.01281563751399517,
          0.0032459006179124117,
          0.029725123196840286,
          0.028146356344223022,
          "..."
        ],
        "skill_count": 3,
        "salts_used": [
          "Chivalric ideals and romance",
          "Transformative imagination",
          "Unwavering commitment to principles"
        ],
        "error": null
      },
      {
        "run": 2,
        "dimensions": 3072,
        "embedding": [
          0.021210581064224243,
          0.008320977911353111,
          0.021214822307229042,
          0.01784351095557213,
          0.0018123207846656442,
          0.024453947320580482,
          0.01281563751399517,
          0.0032459006179124117,
          0.029725123196840286,
          0.028146356344223022,
          "..."
        ],
        "skill_count": 3,
        "salts_used": [
          "Chivalric ideals and romance",
          "Transformative imagination",
          "Unwavering commitment to principles"
        ],
        "error": null
      }
    ]
  }
}