{
  "name": "Enola Holmes",
  "source_file": "enola_holmes.json",
  "processed_at": "2026-01-06T06:16:32.270642",
  "knowledge_builder": {
    "runs": 2,
    "embeddings": [
      {
        "run": 1,
        "dimensions": 3072,
        "embedding": [
          0.009943034499883652,
          0.007441333029419184,
          0.02153705433011055,
          0.01416794303804636,
          0.019098404794931412,
          0.022369278594851494,
          0.0005171087104827166,
          0.025059688836336136,
          0.018264049664139748,
          0.00846181996166706,
          "..."
        ],
        "has_collected_knowledge": true,
        "error": null
      },
      {
        "run": 2,
        "dimensions": 3072,
        "embedding": [
          0.009943034499883652,
          0.007441333029419184,
          0.02153705433011055,
          0.01416794303804636,
          0.019098404794931412,
          0.022369278594851494,
          0.0005171087104827166,
          0.025059688836336136,
          0.018264049664139748,
          0.00846181996166706,
          "..."
        ],
        "has_collected_knowledge": true,
        "error": null
      }
    ]
  },
  "skill_builder": {
    "runs": 2,
    "embeddings": [
      {
        "run": 1,
        "dimensions": 3072,
        "embedding": [
          0.02231200784444809,
          0.01434391736984253,
          0.006407923065125942,
          0.025724854320287704,
          0.017606938257813454,
          0.008731216192245483,
          0.023977283388376236,
          0.0011820178478956223,
          0.010885209776461124,
          0.002597199287265539,
          "..."
        ],
        "skill_count": 3,
        "salts_used": [
          "Deductive reasoning and observation",
          "Independence and self-reliance",
          "Disguise and subterfuge"
        ],
        "error": null
      },
      {
        "run": 2,
        "dimensions": 3072,
        "embedding": [
          0.02231200784444809,
          0.01434391736984253,
          0.006407923065125942,
          0.025724854320287704,
          0.017606938257813454,
          0.008731216192245483,
          0.023977283388376236,
          0.0011820178478956223,
          0.010885209776461124,
          0.002597199287265539,
          "..."
        ],
        "skill_count": 3,
        "salts_used": [
          "Deductive reasoning and observation",
          "Independence and self-reliance",
          "Disguise and subterfuge"
        ],
        "error": null
      }
    ]
  }
}