{
  "name": "Jane Bennet",
  "source_file": "jane_bennet.json",
  "processed_at": "2026-01-06T06:17:33.858746",
  "knowledge_builder": {
    "runs": 2,
    "embeddings": [
      {
        "run": 1,
        "dimensions": 3072,
        "embedding": [
          0.0011358791962265968,
          0.02021137997508049,
          0.024337708950042725,
          0.013955164700746536,
          0.025456516072154045,
          0.010596726089715958,
          0.009580571204423904,
          0.02985881268978119,
          0.0008156066760420799,
          0.0036077990662306547,
          "..."
        ],
        "has_collected_knowledge": true,
        "error": null
      },
      {
        "run": 2,
        "dimensions": 3072,
        "embedding": [
          0.0011358791962265968,
          0.02021137997508049,
          0.024337708950042725,
          0.013955164700746536,
          0.025456516072154045,
          0.010596726089715958,
          0.009580571204423904,
          0.02985881268978119,
          0.0008156066760420799,
          0.0036077990662306547,
          "..."
        ],
        "has_collected_knowledge": true,
        "error": null
      }
    ]
  },
  "skill_builder": {
    "runs": 2,
    "embeddings": [
      {
        "run": 1,
        "dimensions": 3072,
        "embedding": [
          0.006124190520495176,
          0.023629389703273773,
          0.005178209859877825,
          0.01435547973960638,
          0.016074389219284058,
          0.0047547179274261,
          0.021101728081703186,
          0.02608681283891201,
          0.0012372779892757535,
          0.000695196446031332,
          "..."
        ],
        "skill_count": 3,
        "salts_used": [
          "Seeing the best in others",
          "Emotional composure and grace",
          "Maintaining optimism in adversity"
        ],
        "error": null
      },
      {
        "run": 2,
        "dimensions": 3072,
        "embedding": [
          0.006124190520495176,
          0.023629389703273773,
          0.005178209859877825,
          0.01435547973960638,
          0.016074389219284058,
          0.0047547179274261,
          0.021101728081703186,
          0.02608681283891201,
          0.0012372779892757535,
          0.000695196446031332,
          "..."
        ],
        "skill_count": 3,
        "salts_used": [
          "Seeing the best in others",
          "Emotional composure and grace",
          "Maintaining optimism in adversity"
        ],
        "error": null
      }
    ]
  }
}