{
  "name": "Jo March",
  "source_file": "jo_march.json",
  "processed_at": "2026-01-06T06:17:39.513225",
  "knowledge_builder": {
    "runs": 2,
    "embeddings": [
      {
        "run": 1,
        "dimensions": 3072,
        "embedding": [
          0.011737017892301083,
          0.009525295346975327,
          0.02441122941672802,
          0.028388692066073418,
          0.004596763290464878,
          0.014629614539444447,
          0.02713915891945362,
          0.022413527593016624,
          0.0020176642574369907,
          0.027109157294034958,
          "..."
        ],
        "has_collected_knowledge": true,
        "error": null
      },
      {
        "run": 2,
        "dimensions": 3072,
        "embedding": [
          0.011737017892301083,
          0.009525295346975327,
          0.02441122941672802,
          0.028388692066073418,
          0.004596763290464878,
          0.014629614539444447,
          0.02713915891945362,
          0.022413527593016624,
          0.0020176642574369907,
          0.027109157294034958,
          "..."
        ],
        "has_collected_knowledge": true,
        "error": null
      }
    ]
  },
  "skill_builder": {
    "runs": 2,
    "embeddings": [
      {
        "run": 1,
        "dimensions": 3072,
        "embedding": [
          0.01884407363831997,
          0.02830531820654869,
          0.02587992697954178,
          0.005595661699771881,
          0.029580192640423775,
          0.0310195405036211,
          0.008589371107518673,
          0.02441376820206642,
          0.020737208425998688,
          0.014295751228928566,
          "..."
        ],
        "skill_count": 5,
        "salts_used": [
          "fiercely_independent",
          "creatively_ambitious",
          "temperamentally_passionate",
          "family_devoted",
          "convention_defying"
        ],
        "error": null
      },
      {
        "run": 2,
        "dimensions": 3072,
        "embedding": [
          0.01884407363831997,
          0.02830531820654869,
          0.02587992697954178,
          0.005595661699771881,
          0.029580192640423775,
          0.0310195405036211,
          0.008589371107518673,
          0.02441376820206642,
          0.020737208425998688,
          0.014295751228928566,
          "..."
        ],
        "skill_count": 5,
        "salts_used": [
          "fiercely_independent",
          "creatively_ambitious",
          "temperamentally_passionate",
          "family_devoted",
          "convention_defying"
        ],
        "error": null
      }
    ]
  }
}