{
  "name": "Joel Spolsky",
  "source_file": "joel_spolsky.json",
  "processed_at": "2026-01-06T06:17:45.415867",
  "knowledge_builder": {
    "runs": 2,
    "embeddings": [
      {
        "run": 1,
        "dimensions": 3072,
        "embedding": [
          0.016235580667853355,
          0.02256876789033413,
          0.00043298848322592676,
          0.011319521814584732,
          0.013347049243748188,
          0.028706975281238556,
          0.011952145025134087,
          0.009453811682760715,
          0.00806214939802885,
          0.0028272417839616537,
          "..."
        ],
        "has_collected_knowledge": true,
        "error": null
      },
      {
        "run": 2,
        "dimensions": 3072,
        "embedding": [
          0.016235580667853355,
          0.02256876789033413,
          0.00043298848322592676,
          0.011319521814584732,
          0.013347049243748188,
          0.028706975281238556,
          0.011952145025134087,
          0.009453811682760715,
          0.00806214939802885,
          0.0028272417839616537,
          "..."
        ],
        "has_collected_knowledge": true,
        "error": null
      }
    ]
  },
  "skill_builder": {
    "runs": 2,
    "embeddings": [
      {
        "run": 1,
        "dimensions": 3072,
        "embedding": [
          0.025676092132925987,
          0.021556098014116287,
          0.016342131420969963,
          0.000701851153280586,
          0.023060554638504982,
          0.018003683537244797,
          0.00918634980916977,
          0.001881700474768877,
          0.021471023559570312,
          0.02410711534321308,
          "..."
        ],
        "skill_count": 0,
        "salts_used": [],
        "error": null
      },
      {
        "run": 2,
        "dimensions": 3072,
        "embedding": [
          0.025676092132925987,
          0.021556098014116287,
          0.016342131420969963,
          0.000701851153280586,
          0.023060554638504982,
          0.018003683537244797,
          0.00918634980916977,
          0.001881700474768877,
          0.021471023559570312,
          0.02410711534321308,
          "..."
        ],
        "skill_count": 0,
        "salts_used": [],
        "error": null
      }
    ]
  }
}