{
  "name": "Keeley Jones",
  "source_file": "keeley_jones.json",
  "processed_at": "2026-01-06T06:17:49.668127",
  "knowledge_builder": {
    "runs": 2,
    "embeddings": [
      {
        "run": 1,
        "dimensions": 3072,
        "embedding": [
          0.02388354390859604,
          0.0022849086672067642,
          0.028678439557552338,
          0.028353221714496613,
          0.019070981070399284,
          0.01032576709985733,
          0.01888742670416832,
          0.0017371951835229993,
          0.012133593671023846,
          0.004175758920609951,
          "..."
        ],
        "has_collected_knowledge": true,
        "error": null
      },
      {
        "run": 2,
        "dimensions": 3072,
        "embedding": [
          0.02388354390859604,
          0.0022849086672067642,
          0.028678439557552338,
          0.028353221714496613,
          0.019070981070399284,
          0.01032576709985733,
          0.01888742670416832,
          0.0017371951835229993,
          0.012133593671023846,
          0.004175758920609951,
          "..."
        ],
        "has_collected_knowledge": true,
        "error": null
      }
    ]
  },
  "skill_builder": {
    "runs": 2,
    "embeddings": [
      {
        "run": 1,
        "dimensions": 3072,
        "embedding": [
          0.02899717167019844,
          0.013974633067846298,
          0.0309723149985075,
          0.024360349401831627,
          0.003654227126389742,
          0.026981160044670105,
          0.0194790568202734,
          0.010822833515703678,
          0.014969450421631336,
          0.019489923492074013,
          "..."
        ],
        "skill_count": 0,
        "salts_used": [],
        "error": null
      },
      {
        "run": 2,
        "dimensions": 3072,
        "embedding": [
          0.02899717167019844,
          0.013974633067846298,
          0.0309723149985075,
          0.024360349401831627,
          0.003654227126389742,
          0.026981160044670105,
          0.0194790568202734,
          0.010822833515703678,
          0.014969450421631336,
          0.019489923492074013,
          "..."
        ],
        "skill_count": 0,
        "salts_used": [],
        "error": null
      }
    ]
  }
}