{
  "name": "Lea Verou",
  "source_file": "lea_verou.json",
  "processed_at": "2026-01-06T06:17:54.505979",
  "knowledge_builder": {
    "runs": 2,
    "embeddings": [
      {
        "run": 1,
        "dimensions": 3072,
        "embedding": [
          0.011291233822703362,
          0.022418055683374405,
          0.01067090779542923,
          0.021085312590003014,
          0.009070027619600296,
          0.0031590366270393133,
          0.013314531184732914,
          0.015163411386311054,
          0.008692419156432152,
          0.027643699198961258,
          "..."
        ],
        "has_collected_knowledge": true,
        "error": null
      },
      {
        "run": 2,
        "dimensions": 3072,
        "embedding": [
          0.011291233822703362,
          0.022418055683374405,
          0.01067090779542923,
          0.021085312590003014,
          0.009070027619600296,
          0.0031590366270393133,
          0.013314531184732914,
          0.015163411386311054,
          0.008692419156432152,
          0.027643699198961258,
          "..."
        ],
        "has_collected_knowledge": true,
        "error": null
      }
    ]
  },
  "skill_builder": {
    "runs": 2,
    "embeddings": [
      {
        "run": 1,
        "dimensions": 3072,
        "embedding": [
          0.005149597302079201,
          0.01834782026708126,
          0.008850060403347015,
          0.0019878321327269077,
          0.019705861806869507,
          0.011761239729821682,
          0.006612697616219521,
          0.026104606688022614,
          0.007499150466173887,
          0.015034419484436512,
          "..."
        ],
        "skill_count": 3,
        "salts_used": [
          "Web Standards",
          "CSS",
          "JavaScript"
        ],
        "error": null
      },
      {
        "run": 2,
        "dimensions": 3072,
        "embedding": [
          0.005149597302079201,
          0.01834782026708126,
          0.008850060403347015,
          0.0019878321327269077,
          0.019705861806869507,
          0.011761239729821682,
          0.006612697616219521,
          0.026104606688022614,
          0.007499150466173887,
          0.015034419484436512,
          "..."
        ],
        "skill_count": 3,
        "salts_used": [
          "Web Standards",
          "CSS",
          "JavaScript"
        ],
        "error": null
      }
    ]
  }
}