{
  "name": "Philip E. Tetlock",
  "source_file": "phil_tetlock.json",
  "processed_at": "2026-01-06T06:18:44.656190",
  "knowledge_builder": {
    "runs": 2,
    "embeddings": [
      {
        "run": 1,
        "dimensions": 3072,
        "embedding": [
          0.006029749754816294,
          0.0032528031151741743,
          0.02571793459355831,
          0.02343713864684105,
          0.006832000333815813,
          0.014457483775913715,
          0.023948566988110542,
          0.007795997429639101,
          0.004143137950450182,
          0.009444729425013065,
          "..."
        ],
        "has_collected_knowledge": true,
        "error": null
      },
      {
        "run": 2,
        "dimensions": 3072,
        "embedding": [
          0.006029749754816294,
          0.0032528031151741743,
          0.02571793459355831,
          0.02343713864684105,
          0.006832000333815813,
          0.014457483775913715,
          0.023948566988110542,
          0.007795997429639101,
          0.004143137950450182,
          0.009444729425013065,
          "..."
        ],
        "has_collected_knowledge": true,
        "error": null
      }
    ]
  },
  "skill_builder": {
    "runs": 2,
    "embeddings": [
      {
        "run": 1,
        "dimensions": 3072,
        "embedding": [
          0.026737183332443237,
          0.015160412527620792,
          0.02994433045387268,
          0.02949475683271885,
          0.027489230036735535,
          0.020644167438149452,
          0.02495185099542141,
          0.004007324110716581,
          0.014811181463301182,
          0.007117851637303829,
          "..."
        ],
        "skill_count": 3,
        "salts_used": [
          "Judgment and decision-making",
          "Forecasting and prediction",
          "Cognitive biases and debiasing"
        ],
        "error": null
      },
      {
        "run": 2,
        "dimensions": 3072,
        "embedding": [
          0.026737183332443237,
          0.015160412527620792,
          0.02994433045387268,
          0.02949475683271885,
          0.027489230036735535,
          0.020644167438149452,
          0.02495185099542141,
          0.004007324110716581,
          0.014811181463301182,
          0.007117851637303829,
          "..."
        ],
        "skill_count": 3,
        "salts_used": [
          "Judgment and decision-making",
          "Forecasting and prediction",
          "Cognitive biases and debiasing"
        ],
        "error": null
      }
    ]
  }
}