{
  "name": "Pierre Bezukhov",
  "source_file": "pierre_bezukhov.json",
  "processed_at": "2026-01-06T06:18:49.915669",
  "knowledge_builder": {
    "runs": 2,
    "embeddings": [
      {
        "run": 1,
        "dimensions": 3072,
        "embedding": [
          0.007243640720844269,
          0.02826564759016037,
          0.026428669691085815,
          0.0019602219108492136,
          0.0017350659472867846,
          0.016256215050816536,
          0.015458590351045132,
          0.01778244785964489,
          0.026004008948802948,
          0.023527685552835464,
          "..."
        ],
        "has_collected_knowledge": true,
        "error": null
      },
      {
        "run": 2,
        "dimensions": 3072,
        "embedding": [
          0.007243640720844269,
          0.02826564759016037,
          0.026428669691085815,
          0.0019602219108492136,
          0.0017350659472867846,
          0.016256215050816536,
          0.015458590351045132,
          0.01778244785964489,
          0.026004008948802948,
          0.023527685552835464,
          "..."
        ],
        "has_collected_knowledge": true,
        "error": null
      }
    ]
  },
  "skill_builder": {
    "runs": 2,
    "embeddings": [
      {
        "run": 1,
        "dimensions": 3072,
        "embedding": [
          0.015426725149154663,
          0.010471941903233528,
          0.008737431839108467,
          0.0012603476643562317,
          0.014386074617505074,
          0.015428924933075905,
          0.015294673852622509,
          0.02042844519019127,
          0.013815714046359062,
          0.0020616932306438684,
          "..."
        ],
        "skill_count": 3,
        "salts_used": [
          "Philosophical inquiry and questioning",
          "Spiritual seeking and growth",
          "Empathy and human connection"
        ],
        "error": null
      },
      {
        "run": 2,
        "dimensions": 3072,
        "embedding": [
          0.015426725149154663,
          0.010471941903233528,
          0.008737431839108467,
          0.0012603476643562317,
          0.014386074617505074,
          0.015428924933075905,
          0.015294673852622509,
          0.02042844519019127,
          0.013815714046359062,
          0.0020616932306438684,
          "..."
        ],
        "skill_count": 3,
        "salts_used": [
          "Philosophical inquiry and questioning",
          "Spiritual seeking and growth",
          "Empathy and human connection"
        ],
        "error": null
      }
    ]
  }
}