{
  "name": "Rebecca Welton",
  "source_file": "rebecca_welton.json",
  "processed_at": "2026-01-06T06:18:55.161908",
  "knowledge_builder": {
    "runs": 2,
    "embeddings": [
      {
        "run": 1,
        "dimensions": 3072,
        "embedding": [
          0.02041713334619999,
          0.007467773277312517,
          0.013948787935078144,
          0.017032349482178688,
          0.017349660396575928,
          0.027764586731791496,
          0.011294940486550331,
          0.013540536165237427,
          0.02282017096877098,
          0.004981496836990118,
          "..."
        ],
        "has_collected_knowledge": true,
        "error": null
      },
      {
        "run": 2,
        "dimensions": 3072,
        "embedding": [
          0.02041713334619999,
          0.007467773277312517,
          0.013948787935078144,
          0.017032349482178688,
          0.017349660396575928,
          0.027764586731791496,
          0.011294940486550331,
          0.013540536165237427,
          0.02282017096877098,
          0.004981496836990118,
          "..."
        ],
        "has_collected_knowledge": true,
        "error": null
      }
    ]
  },
  "skill_builder": {
    "runs": 2,
    "embeddings": [
      {
        "run": 1,
        "dimensions": 3072,
        "embedding": [
          0.026154261082410812,
          0.0036807646974921227,
          0.0007455975865013897,
          0.025837287306785583,
          0.0006345759029500186,
          0.028149262070655823,
          0.01857902482151985,
          0.012618045322597027,
          0.005980979185551405,
          0.009752501733601093,
          "..."
        ],
        "skill_count": 0,
        "salts_used": [],
        "error": null
      },
      {
        "run": 2,
        "dimensions": 3072,
        "embedding": [
          0.026154261082410812,
          0.0036807646974921227,
          0.0007455975865013897,
          0.025837287306785583,
          0.0006345759029500186,
          0.028149262070655823,
          0.01857902482151985,
          0.012618045322597027,
          0.005980979185551405,
          0.009752501733601093,
          "..."
        ],
        "skill_count": 0,
        "salts_used": [],
        "error": null
      }
    ]
  }
}