{
  "name": "Roy Kent",
  "source_file": "roy_kent.json",
  "processed_at": "2026-01-06T06:18:59.650088",
  "knowledge_builder": {
    "runs": 2,
    "embeddings": [
      {
        "run": 1,
        "dimensions": 3072,
        "embedding": [
          0.013956449925899506,
          0.017291538417339325,
          0.01773485727608204,
          0.019849548116326332,
          0.02274111844599247,
          0.025569302961230278,
          0.025349486619234085,
          0.013521991670131683,
          0.017155732959508896,
          0.017295368015766144,
          "..."
        ],
        "has_collected_knowledge": true,
        "error": null
      },
      {
        "run": 2,
        "dimensions": 3072,
        "embedding": [
          0.013956449925899506,
          0.017291538417339325,
          0.01773485727608204,
          0.019849548116326332,
          0.02274111844599247,
          0.025569302961230278,
          0.025349486619234085,
          0.013521991670131683,
          0.017155732959508896,
          0.017295368015766144,
          "..."
        ],
        "has_collected_knowledge": true,
        "error": null
      }
    ]
  },
  "skill_builder": {
    "runs": 2,
    "embeddings": [
      {
        "run": 1,
        "dimensions": 3072,
        "embedding": [
          0.0227409265935421,
          0.020235886797308922,
          0.0039277453906834126,
          0.022784484550356865,
          0.0041769505478441715,
          0.011909020133316517,
          0.027441050857305527,
          0.014110255055129528,
          0.010572380386292934,
          0.018324611708521843,
          "..."
        ],
        "skill_count": 0,
        "salts_used": [],
        "error": null
      },
      {
        "run": 2,
        "dimensions": 3072,
        "embedding": [
          0.0227409265935421,
          0.020235886797308922,
          0.0039277453906834126,
          0.022784484550356865,
          0.0041769505478441715,
          0.011909020133316517,
          0.027441050857305527,
          0.014110255055129528,
          0.010572380386292934,
          0.018324611708521843,
          "..."
        ],
        "skill_count": 0,
        "salts_used": [],
        "error": null
      }
    ]
  }
}