{
  "name": "Sir John Falstaff",
  "source_file": "jack_falstaff.json",
  "processed_at": "2026-01-06T06:17:15.603105",
  "knowledge_builder": {
    "runs": 2,
    "embeddings": [
      {
        "run": 1,
        "dimensions": 3072,
        "embedding": [
          0.014070430770516396,
          0.0140108373016119,
          0.025509456172585487,
          0.005705816205590963,
          0.009324463084340096,
          0.01085574273020029,
          0.00037859013536944985,
          0.017963740974664688,
          0.024662386626005173,
          0.0009649304556660354,
          "..."
        ],
        "has_collected_knowledge": true,
        "error": null
      },
      {
        "run": 2,
        "dimensions": 3072,
        "embedding": [
          0.014070430770516396,
          0.0140108373016119,
          0.025509456172585487,
          0.005705816205590963,
          0.009324463084340096,
          0.01085574273020029,
          0.00037859013536944985,
          0.017963740974664688,
          0.024662386626005173,
          0.0009649304556660354,
          "..."
        ],
        "has_collected_knowledge": true,
        "error": null
      }
    ]
  },
  "skill_builder": {
    "runs": 2,
    "embeddings": [
      {
        "run": 1,
        "dimensions": 3072,
        "embedding": [
          0.0024098532740026712,
          0.0015236100880429149,
          0.027343036606907845,
          0.020943081006407738,
          0.010440239682793617,
          0.014240960590541363,
          0.010862033814191818,
          0.010482938028872013,
          0.007320810575038195,
          0.00901595689356327,
          "..."
        ],
        "skill_count": 3,
        "salts_used": [
          "Wit and wordplay",
          "Self-preservation and survival",
          "Social manipulation and charm"
        ],
        "error": null
      },
      {
        "run": 2,
        "dimensions": 3072,
        "embedding": [
          0.0024098532740026712,
          0.0015236100880429149,
          0.027343036606907845,
          0.020943081006407738,
          0.010440239682793617,
          0.014240960590541363,
          0.010862033814191818,
          0.010482938028872013,
          0.007320810575038195,
          0.00901595689356327,
          "..."
        ],
        "skill_count": 3,
        "salts_used": [
          "Wit and wordplay",
          "Self-preservation and survival",
          "Social manipulation and charm"
        ],
        "error": null
      }
    ]
  }
}