{
  "name": "Steve Yegge",
  "source_file": "steve_yegge.json",
  "processed_at": "2026-01-06T06:19:09.005666",
  "knowledge_builder": {
    "runs": 2,
    "embeddings": [
      {
        "run": 1,
        "dimensions": 3072,
        "embedding": [
          0.016676973551511765,
          0.0027675942983478308,
          0.006873197853565216,
          0.005007506348192692,
          0.0017652555834501982,
          0.007518061902374029,
          0.014143362641334534,
          0.010959073901176453,
          0.02800917439162731,
          0.017390770837664604,
          "..."
        ],
        "has_collected_knowledge": true,
        "error": null
      },
      {
        "run": 2,
        "dimensions": 3072,
        "embedding": [
          0.016676973551511765,
          0.0027675942983478308,
          0.006873197853565216,
          0.005007506348192692,
          0.0017652555834501982,
          0.007518061902374029,
          0.014143362641334534,
          0.010959073901176453,
          0.02800917439162731,
          0.017390770837664604,
          "..."
        ],
        "has_collected_knowledge": true,
        "error": null
      }
    ]
  },
  "skill_builder": {
    "runs": 2,
    "embeddings": [
      {
        "run": 1,
        "dimensions": 3072,
        "embedding": [
          0.01925608143210411,
          0.028551960363984108,
          0.020960016176104546,
          0.01632997766137123,
          0.0005587125779129565,
          0.02676807902753353,
          0.02481939271092415,
          0.011374075897037983,
          0.005397303961217403,
          0.020076412707567215,
          "..."
        ],
        "skill_count": 3,
        "salts_used": [
          "Large-scale software systems",
          "Programming languages and compilers",
          "Developer productivity"
        ],
        "error": null
      },
      {
        "run": 2,
        "dimensions": 3072,
        "embedding": [
          0.01925608143210411,
          0.028551960363984108,
          0.020960016176104546,
          0.01632997766137123,
          0.0005587125779129565,
          0.02676807902753353,
          0.02481939271092415,
          0.011374075897037983,
          0.005397303961217403,
          0.020076412707567215,
          "..."
        ],
        "skill_count": 3,
        "salts_used": [
          "Large-scale software systems",
          "Programming languages and compilers",
          "Developer productivity"
        ],
        "error": null
      }
    ]
  }
}