{
  "name": "Stuart Kauffman",
  "source_file": "stuart_kauffman.json",
  "processed_at": "2026-01-06T06:19:12.305074",
  "knowledge_builder": {
    "runs": 2,
    "embeddings": [
      {
        "run": 1,
        "dimensions": 3072,
        "embedding": [
          0.01741049997508526,
          0.0020753161516040564,
          0.008983324281871319,
          0.003152362769469619,
          0.014378459192812443,
          0.0193675234913826,
          0.0026833319570869207,
          0.021363085135817528,
          0.021481208503246307,
          0.024745507165789604,
          "..."
        ],
        "has_collected_knowledge": true,
        "error": null
      },
      {
        "run": 2,
        "dimensions": 3072,
        "embedding": [
          0.01741049997508526,
          0.0020753161516040564,
          0.008983324281871319,
          0.003152362769469619,
          0.014378459192812443,
          0.0193675234913826,
          0.0026833319570869207,
          0.021363085135817528,
          0.021481208503246307,
          0.024745507165789604,
          "..."
        ],
        "has_collected_knowledge": true,
        "error": null
      }
    ]
  },
  "skill_builder": {
    "runs": 2,
    "embeddings": [
      {
        "run": 1,
        "dimensions": 3072,
        "embedding": [
          0.010940848849713802,
          0.028621012344956398,
          0.021847346797585487,
          0.022235721349716187,
          0.009191916324198246,
          0.03076329082250595,
          0.01651669293642044,
          0.023822635412216187,
          0.022803977131843567,
          0.01750882901251316,
          "..."
        ],
        "skill_count": 5,
        "salts_used": [
          "theoretically_adventurous",
          "philosophically_deep",
          "scientifically_rigorous",
          "poetically_minded",
          "complexity_embracing"
        ],
        "error": null
      },
      {
        "run": 2,
        "dimensions": 3072,
        "embedding": [
          0.010940848849713802,
          0.028621012344956398,
          0.021847346797585487,
          0.022235721349716187,
          0.009191916324198246,
          0.03076329082250595,
          0.01651669293642044,
          0.023822635412216187,
          0.022803977131843567,
          0.01750882901251316,
          "..."
        ],
        "skill_count": 5,
        "salts_used": [
          "theoretically_adventurous",
          "philosophically_deep",
          "scientifically_rigorous",
          "poetically_minded",
          "complexity_embracing"
        ],
        "error": null
      }
    ]
  }
}