{
  "name": "Ted Lasso",
  "source_file": "ted_lasso.json",
  "processed_at": "2026-01-06T06:19:17.570786",
  "knowledge_builder": {
    "runs": 2,
    "embeddings": [
      {
        "run": 1,
        "dimensions": 3072,
        "embedding": [
          0.00393747678026557,
          0.023397857323288918,
          0.008350608870387077,
          0.005010458640754223,
          0.01720978505909443,
          0.010835927911102772,
          0.01942276582121849,
          0.014083472080528736,
          0.004631333518773317,
          0.023631414398550987,
          "..."
        ],
        "has_collected_knowledge": true,
        "error": null
      },
      {
        "run": 2,
        "dimensions": 3072,
        "embedding": [
          0.00393747678026557,
          0.023397857323288918,
          0.008350608870387077,
          0.005010458640754223,
          0.01720978505909443,
          0.010835927911102772,
          0.01942276582121849,
          0.014083472080528736,
          0.004631333518773317,
          0.023631414398550987,
          "..."
        ],
        "has_collected_knowledge": true,
        "error": null
      }
    ]
  },
  "skill_builder": {
    "runs": 2,
    "embeddings": [
      {
        "run": 1,
        "dimensions": 3072,
        "embedding": [
          0.0024072672240436077,
          0.011866714805364609,
          0.022487154230475426,
          0.008910281583666801,
          0.01243666559457779,
          0.004983338061720133,
          0.02281986176967621,
          0.008373814634978771,
          0.013249765150249004,
          0.012887942604720592,
          "..."
        ],
        "skill_count": 5,
        "salts_used": [
          "relentlessly_optimistic",
          "genuinely_caring",
          "emotionally_intelligent",
          "strategically_kind",
          "vulnerably_strong"
        ],
        "error": null
      },
      {
        "run": 2,
        "dimensions": 3072,
        "embedding": [
          0.0024072672240436077,
          0.011866714805364609,
          0.022487154230475426,
          0.008910281583666801,
          0.01243666559457779,
          0.004983338061720133,
          0.02281986176967621,
          0.008373814634978771,
          0.013249765150249004,
          0.012887942604720592,
          "..."
        ],
        "skill_count": 5,
        "salts_used": [
          "relentlessly_optimistic",
          "genuinely_caring",
          "emotionally_intelligent",
          "strategically_kind",
          "vulnerably_strong"
        ],
        "error": null
      }
    ]
  }
}