{
  "name": "Ada Lovelace",
  "source_file": "ada_lovelace.json",
  "processed_at": "2026-01-09T05:36:17.585542",
  "run_count": 3,
  "strategy": "hybrid",
  "knowledge_builder": {
    "runs": 3,
    "embeddings": [
      {
        "run": 1,
        "dimensions": 1024,
        "embedding": [
          0.013642251,
          -0.024859212,
          0.030316114,
          0.017785454,
          -0.056185864,
          -0.00361267,
          0.020716012,
          -0.006391647,
          -0.011873811,
          0.014551735,
          "..."
        ],
        "has_collected_knowledge": false,
        "descriptor_strategy": "focused",
        "descriptors": [
          "visionary",
          "mathematical",
          "poetic",
          "imaginative",
          "analytical",
          "Imagination in science",
          "Interdisciplinary thinking",
          "Breaking gender barriers",
          "Future possibilities",
          "algorithm_design",
          "mathematical_analysis",
          "visionary_thinking",
          "poetry",
          "music_theory",
          "interdisciplinary_synthesis"
        ],
        "duration_sec": 0.849,
        "error": null
      },
      {
        "run": 2,
        "dimensions": 1024,
        "embedding": [
          0.0030182823538780212,
          0.011575529351830482,
          0.030887935310602188,
          0.05002094805240631,
          0.043701477348804474,
          0.011440841481089592,
          0.03638725355267525,
          0.049741145223379135,
          0.02839549258351326,
          0.05419265106320381,
          "..."
        ],
        "has_collected_knowledge": false,
        "descriptor_strategy": "diverse",
        "descriptors": [
          "visionary",
          "Imagination in science",
          "algorithm_design",
          "poetry",
          "Combines poetry with mathematics",
          "The Analytical Engine weaves algebraic patterns just as the Jacquard loom weaves flowers and leaves.",
          "mathematical",
          "Interdisciplinary thinking",
          "mathematical_analysis",
          "music_theory",
          "Sees patterns others miss",
          "Imagination is the Discovering Faculty, pre-eminently.",
          "poetic"
        ],
        "duration_sec": 0.122,
        "error": null
      },
      {
        "run": 3,
        "dimensions": 1024,
        "embedding": [
          0.015831977128982544,
          0.0092209717258811,
          0.00703391944989562,
          0.03978852555155754,
          0.01047071348875761,
          0.03317812457680702,
          0.016484638676047325,
          0.01581924594938755,
          0.01301170140504837,
          0.018912311643362045,
          "..."
        ],
        "has_collected_knowledge": false,
        "descriptor_strategy": "focused",
        "descriptors": [
          "visionary",
          "mathematical",
          "poetic",
          "imaginative",
          "analytical",
          "Imagination in science",
          "Interdisciplinary thinking",
          "Breaking gender barriers",
          "Future possibilities",
          "algorithm_design",
          "mathematical_analysis",
          "visionary_thinking",
          "poetry",
          "music_theory",
          "interdisciplinary_synthesis"
        ],
        "duration_sec": 0.132,
        "error": null
      }
    ]
  },
  "skill_builder": {
    "runs": 3,
    "embeddings": [
      {
        "run": 1,
        "dimensions": 1024,
        "embedding": [
          0.005464222,
          -0.033255935,
          0.032419305,
          0.008366273,
          -0.079897903,
          0.001215724,
          0.027190387,
          -0.026144603,
          -0.025203397,
          -0.001640574,
          "..."
        ],
        "skill_count": 5,
        "salts_used": [
          "visionary",
          "mathematical",
          "poetic",
          "imaginative",
          "analytical",
          "Imagination in science",
          "Interdisciplinary thinking",
          "Breaking gender barriers",
          "Future possibilities",
          "algorithm_design",
          "mathematical_analysis",
          "visionary_thinking",
          "poetry",
          "music_theory",
          "interdisciplinary_synthesis"
        ],
        "descriptor_strategy": "focused",
        "descriptors": [
          "visionary",
          "mathematical",
          "poetic",
          "imaginative",
          "analytical",
          "Imagination in science",
          "Interdisciplinary thinking",
          "Breaking gender barriers",
          "Future possibilities",
          "algorithm_design",
          "mathematical_analysis",
          "visionary_thinking",
          "poetry",
          "music_theory",
          "interdisciplinary_synthesis"
        ],
        "duration_sec": 1.226,
        "error": null
      },
      {
        "run": 2,
        "dimensions": 1024,
        "embedding": [
          0.016796687617897987,
          0.040897924453020096,
          0.020634764805436134,
          0.041147422045469284,
          0.03412012383341789,
          0.036763157695531845,
          0.022073179483413696,
          0.04876184090971947,
          0.045439016073942184,
          0.005292736459523439,
          "..."
        ],
        "skill_count": 5,
        "salts_used": [
          "visionary",
          "Imagination in science",
          "algorithm_design",
          "poetry",
          "Combines poetry with mathematics",
          "The Analytical Engine weaves algebraic patterns just as the Jacquard loom weaves flowers and leaves.",
          "mathematical",
          "Interdisciplinary thinking",
          "mathematical_analysis",
          "music_theory",
          "Sees patterns others miss",
          "Imagination is the Discovering Faculty, pre-eminently.",
          "poetic"
        ],
        "descriptor_strategy": "diverse",
        "descriptors": [
          "visionary",
          "Imagination in science",
          "algorithm_design",
          "poetry",
          "Combines poetry with mathematics",
          "The Analytical Engine weaves algebraic patterns just as the Jacquard loom weaves flowers and leaves.",
          "mathematical",
          "Interdisciplinary thinking",
          "mathematical_analysis",
          "music_theory",
          "Sees patterns others miss",
          "Imagination is the Discovering Faculty, pre-eminently.",
          "poetic"
        ],
        "duration_sec": 0.744,
        "error": null
      },
      {
        "run": 3,
        "dimensions": 1024,
        "embedding": [
          0.024321740493178368,
          0.013077355921268463,
          0.006830396596342325,
          0.04159247502684593,
          0.031123653054237366,
          0.014036785811185837,
          0.04701456427574158,
          0.01244773156940937,
          0.0004550923185888678,
          0.03870196267962456,
          "..."
        ],
        "skill_count": 5,
        "salts_used": [
          "visionary",
          "mathematical",
          "poetic",
          "imaginative",
          "analytical",
          "Imagination in science",
          "Interdisciplinary thinking",
          "Breaking gender barriers",
          "Future possibilities",
          "algorithm_design",
          "mathematical_analysis",
          "visionary_thinking",
          "poetry",
          "music_theory",
          "interdisciplinary_synthesis"
        ],
        "descriptor_strategy": "focused",
        "descriptors": [
          "visionary",
          "mathematical",
          "poetic",
          "imaginative",
          "analytical",
          "Imagination in science",
          "Interdisciplinary thinking",
          "Breaking gender barriers",
          "Future possibilities",
          "algorithm_design",
          "mathematical_analysis",
          "visionary_thinking",
          "poetry",
          "music_theory",
          "interdisciplinary_synthesis"
        ],