{
  "name": "Bob Ross",
  "source_file": "bob_ross.json",
  "processed_at": "2026-01-09T05:36:24.308568",
  "run_count": 3,
  "strategy": "hybrid",
  "knowledge_builder": {
    "runs": 3,
    "embeddings": [
      {
        "run": 1,
        "dimensions": 1024,
        "embedding": [
          0.013591383583843708,
          0.049070414155721664,
          0.03130422905087471,
          0.020046258345246315,
          0.037364412099123,
          0.027310967445373535,
          0.015533731319010258,
          0.0064893621020019054,
          0.01451681088656187,
          0.010992812924087048,
          "..."
        ],
        "has_collected_knowledge": false,
        "descriptor_strategy": "focused",
        "descriptors": [
          "infinitely_gentle",
          "unconditionally_encouraging",
          "joyfully_creative",
          "accepting_of_all",
          "nature_loving",
          "Everyone can create",
          "Nature is our friend",
          "Joy in the process",
          "No mistakes exist",
          "Kindness to all",
          "wet_on_wet_painting",
          "teaching_art",
          "spreading_joy",
          "nature_appreciation",
          "storytelling"
        ],
        "duration_sec": 0.125,
        "error": null
      },
      {
        "run": 2,
        "dimensions": 1024,
        "embedding": [
          0.053158555179834366,
          0.003946241457015276,
          0.028299981728196144,
          0.03744738548994064,
          0.01771680638194084,
          0.03396407142281532,
          0.043542392551898956,
          0.004566800314933062,
          0.039435531944036484,
          0.02696983516216278,
          "..."
        ],
        "has_collected_knowledge": false,
        "descriptor_strategy": "diverse",
        "descriptors": [
          "infinitely_gentle",
          "Everyone can create",
          "wet_on_wet_painting",
          "storytelling",
          "Names every tree and cloud",
          "There are no mistakes, only happy accidents.",
          "unconditionally_encouraging",
          "Nature is our friend",
          "teaching_art",
          "wildlife_care",
          "Whispers to not wake sleeping animals",
          "Let's put a happy little tree right here.",
          "joyfully_creative"
        ],
        "duration_sec": 0.124,
        "error": null
      },
      {
        "run": 3,
        "dimensions": 1024,
        "embedding": [
          0.03293517231941223,
          0.005587087944149971,
          0.03515780717134476,
          0.019497480243444443,
          0.007872377522289753,
          0.0015029384521767497,
          0.02491970732808113,
          0.026801757514476776,
          0.022250931710004807,
          0.0031246922444552183,
          "..."
        ],
        "has_collected_knowledge": false,
        "descriptor_strategy": "focused",
        "descriptors": [
          "infinitely_gentle",
          "unconditionally_encouraging",
          "joyfully_creative",
          "accepting_of_all",
          "nature_loving",
          "Everyone can create",
          "Nature is our friend",
          "Joy in the process",
          "No mistakes exist",
          "Kindness to all",
          "wet_on_wet_painting",
          "teaching_art",
          "spreading_joy",
          "nature_appreciation",
          "storytelling"
        ],
        "duration_sec": 0.129,
        "error": null
      }
    ]
  },
  "skill_builder": {
    "runs": 3,
    "embeddings": [
      {
        "run": 1,
        "dimensions": 1024,
        "embedding": [
          0.04071357101202011,
          0.0531538724899292,
          0.01479027234017849,
          0.021181171759963036,
          0.035919345915317535,
          0.03150442987680435,
          0.038808077573776245,
          0.0284457765519619,
          0.005035780370235443,
          0.04556833580136299,
          "..."
        ],
        "skill_count": 5,
        "salts_used": [
          "infinitely_gentle",
          "unconditionally_encouraging",
          "joyfully_creative",
          "accepting_of_all",
          "nature_loving",
          "Everyone can create",
          "Nature is our friend",
          "Joy in the process",
          "No mistakes exist",
          "Kindness to all",
          "wet_on_wet_painting",
          "teaching_art",
          "spreading_joy",
          "nature_appreciation",
          "storytelling"
        ],
        "descriptor_strategy": "focused",
        "descriptors": [
          "infinitely_gentle",
          "unconditionally_encouraging",
          "joyfully_creative",
          "accepting_of_all",
          "nature_loving",
          "Everyone can create",
          "Nature is our friend",
          "Joy in the process",
          "No mistakes exist",
          "Kindness to all",
          "wet_on_wet_painting",
          "teaching_art",
          "spreading_joy",
          "nature_appreciation",
          "storytelling"
        ],
        "duration_sec": 0.746,
        "error": null
      },
      {
        "run": 2,
        "dimensions": 1024,
        "embedding": [
          0.021560395136475563,
          0.010663310065865517,
          0.0077566043473780155,
          0.03216661512851715,
          0.012537576258182526,
          0.036741066724061966,
          0.012538791634142399,
          0.017137043178081512,
          0.039487116038799286,
          0.05200176313519478,
          "..."
        ],
        "skill_count": 5,
        "salts_used": [
          "infinitely_gentle",
          "Everyone can create",
          "wet_on_wet_painting",
          "storytelling",
          "Names every tree and cloud",
          "There are no mistakes, only happy accidents.",
          "unconditionally_encouraging",
          "Nature is our friend",
          "teaching_art",
          "wildlife_care",
          "Whispers to not wake sleeping animals",
          "Let's put a happy little tree right here.",
          "joyfully_creative"
        ],
        "descriptor_strategy": "diverse",
        "descriptors": [
          "infinitely_gentle",
          "Everyone can create",
          "wet_on_wet_painting",
          "storytelling",
          "Names every tree and cloud",
          "There are no mistakes, only happy accidents.",
          "unconditionally_encouraging",
          "Nature is our friend",
          "teaching_art",
          "wildlife_care",
          "Whispers to not wake sleeping animals",
          "Let's put a happy little tree right here.",
          "joyfully_creative"
        ],
        "duration_sec": 0.722,
        "error": null
      },
      {
        "run": 3,
        "dimensions": 1024,
        "embedding": [
          0.04186074435710907,
          0.01568516157567501,
          0.01891353167593479,
          0.05410721153020859,
          0.010698561556637287,
          0.008684635162353516,
          0.030261315405368805,
          0.024511368945240974,
          0.05255664512515068,
          0.04239356890320778,
          "..."
        ],
        "skill_count": 5,
        "salts_used": [
          "infinitely_gentle",
          "unconditionally_encouraging",
          "joyfully_creative",
          "accepting_of_all",
          "nature_loving",
          "Everyone can create",
          "Nature is our friend",
          "Joy in the process",
          "No mistakes exist",
          "Kindness to all",
          "wet_on_wet_painting",
          "teaching_art",
          "spreading_joy",
          "nature_appreciation",
          "storytelling"
        ],
        "descriptor_strategy": "focused",