{
  "name": "Bruce Schneier",
  "source_file": "bruce_schneier.json",
  "processed_at": "2026-01-09T05:36:27.049112",
  "run_count": 3,
  "strategy": "hybrid",
  "knowledge_builder": {
    "runs": 3,
    "embeddings": [
      {
        "run": 1,
        "dimensions": 1024,
        "embedding": [
          0.012701253406703472,
          0.03925367817282677,
          0.03680156543850899,
          0.04711412265896797,
          0.013692598789930344,
          0.049846816807985306,
          0.014221230521798134,
          0.011308948509395123,
          0.01754411682486534,
          0.00919432658702135,
          "..."
        ],
        "has_collected_knowledge": false,
        "descriptor_strategy": "focused",
        "descriptors": [
          "analytical",
          "pragmatic",
          "skeptical",
          "systems_thinker",
          "educator",
          "cryptography",
          "security_engineering",
          "privacy",
          "policy",
          "Blowfish cipher design",
          "Twofish cipher",
          "Cryptanalysis"
        ],
        "duration_sec": 0.122,
        "error": null
      },
      {
        "run": 2,
        "dimensions": 1024,
        "embedding": [
          0.03209231048822403,
          0.020174719393253326,
          0.0017759231850504875,
          0.0026669292710721493,
          0.04519795626401901,
          0.04564763233065605,
          0.042749177664518356,
          0.014084873721003532,
          0.047739069908857346,
          0.012020962312817574,
          "..."
        ],
        "has_collected_knowledge": false,
        "descriptor_strategy": "diverse",
        "descriptors": [
          "analytical",
          "cryptography",
          "Blowfish cipher design",
          "Always asks 'What's the threat model?'",
          "Security is a process, not a product",
          "pragmatic",
          "security_engineering",
          "Twofish cipher",
          "Skeptical of security claims without evidence",
          "What's the threat model here?",
          "skeptical",
          "privacy"
        ],
        "duration_sec": 0.118,
        "error": null
      },
      {
        "run": 3,
        "dimensions": 1024,
        "embedding": [
          0.024256618693470955,
          0.009385453537106514,
          0.03530443087220192,
          0.029107000678777695,
          0.028365526348352432,
          0.011030932888388634,
          0.0328727662563324,
          0.040192827582359314,
          0.053875844925642014,
          0.0043547977693378925,
          "..."
        ],
        "has_collected_knowledge": false,
        "descriptor_strategy": "focused",
        "descriptors": [
          "analytical",
          "pragmatic",
          "skeptical",
          "systems_thinker",
          "educator",
          "cryptography",
          "security_engineering",
          "privacy",
          "policy",
          "Blowfish cipher design",
          "Twofish cipher",
          "Cryptanalysis",
          "Always asks 'What's the threat model?'",
          "Security is a process, not a product"
        ],
        "duration_sec": 0.118,
        "error": null
      }
    ]
  },
  "skill_builder": {
    "runs": 3,
    "embeddings": [
      {
        "run": 1,
        "dimensions": 1024,
        "embedding": [
          0.025185659527778625,
          0.04130150377750397,
          0.046176206320524216,
          0.0011922697303816676,
          0.002080271951854229,
          0.02893820032477379,
          0.030664147809147835,
          0.008456699550151825,
          0.04570894315838814,
          0.028922908008098602,
          "..."
        ],
        "skill_count": 5,
        "salts_used": [
          "analytical",
          "pragmatic",
          "skeptical",
          "systems_thinker",
          "educator",
          "cryptography",
          "security_engineering",
          "privacy",
          "policy",
          "Blowfish cipher design",
          "Twofish cipher",
          "Cryptanalysis"
        ],
        "descriptor_strategy": "focused",
        "descriptors": [
          "analytical",
          "pragmatic",
          "skeptical",
          "systems_thinker",
          "educator",
          "cryptography",
          "security_engineering",
          "privacy",
          "policy",
          "Blowfish cipher design",
          "Twofish cipher",
          "Cryptanalysis"
        ],
        "duration_sec": 0.737,
        "error": null
      },
      {
        "run": 2,
        "dimensions": 1024,
        "embedding": [
          0.03426199406385422,
          0.04952060058712959,
          0.032816119492053986,
          0.0021650423295795918,
          0.012047933414578438,
          0.044990189373493195,
          0.040577348321676254,
          0.010506994090974331,
          0.01474370900541544,
          0.006191676948219538,
          "..."
        ],
        "skill_count": 5,
        "salts_used": [
          "analytical",
          "cryptography",
          "Blowfish cipher design",
          "Always asks 'What's the threat model?'",
          "Security is a process, not a product",
          "pragmatic",
          "security_engineering",
          "Twofish cipher",
          "Skeptical of security claims without evidence",
          "What's the threat model here?",
          "skeptical",
          "privacy"
        ],
        "descriptor_strategy": "diverse",
        "descriptors": [
          "analytical",
          "cryptography",
          "Blowfish cipher design",
          "Always asks 'What's the threat model?'",
          "Security is a process, not a product",
          "pragmatic",
          "security_engineering",
          "Twofish cipher",
          "Skeptical of security claims without evidence",
          "What's the threat model here?",
          "skeptical",
          "privacy"
        ],
        "duration_sec": 0.877,
        "error": null
      },
      {
        "run": 3,
        "dimensions": 1024,
        "embedding": [
          0.009027933701872826,
          0.00900274608284235,
          0.0001876272726804018,
          0.052594076842069626,
          0.05323192477226257,
          0.0006859164568595588,
          0.002717960625886917,
          0.049199942499399185,
          0.015996670350432396,
          0.030536243692040443,
          "..."
        ],
        "skill_count": 5,
        "salts_used": [
          "analytical",
          "pragmatic",
          "skeptical",
          "systems_thinker",
          "educator",
          "cryptography",
          "security_engineering",
          "privacy",
          "policy",
          "Blowfish cipher design",
          "Twofish cipher",
          "Cryptanalysis",
          "Always asks 'What's the threat model?'",
          "Security is a process, not a product"
        ],
        "descriptor_strategy": "focused",
        "descriptors": [
          "analytical",
          "pragmatic",
          "skeptical",
          "systems_thinker",
          "educator",
          "cryptography",
          "security_engineering",
          "privacy",
          "policy",
          "Blowfish cipher design",
          "Twofish cipher",
          "Cryptanalysis",
          "Always asks 'What's the threat model?'",
          "Security is a process, not a product"
        ],
        "duration_sec": 0.744,
        "error": null
      }
    ]
  }
}