{
  "name": "Burton Fisher",
  "source_file": "burton_fisher.json",
  "processed_at": "2026-01-09T05:36:29.912520",
  "run_count": 3,
  "strategy": "hybrid",
  "knowledge_builder": {
    "runs": 3,
    "embeddings": [
      {
        "run": 1,
        "dimensions": 1024,
        "embedding": [
          0.04988006874918938,
          0.0532999224960804,
          0.008528689853847027,
          0.03764743730425835,
          0.0015322230756282806,
          0.04781245067715645,
          0.01934085413813591,
          0.02359391562640667,
          0.05144888535141945,
          0.016731811687350273,
          "..."
        ],
        "has_collected_knowledge": false,
        "descriptor_strategy": "focused",
        "descriptors": [
          "protective_veteran",
          "tactically_minded",
          "haptically_enhanced",
          "trauma_carrying",
          "fiercely_loyal",
          "Unit cohesion",
          "Family security",
          "Tactical superiority",
          "Honor through action",
          "Protecting the innocent",
          "haptic_interface_mastery",
          "tactical_combat",
          "threat_assessment",
          "squad_leadership",
          "drone_operation"
        ],
        "duration_sec": 0.113,
        "error": null
      },
      {
        "run": 2,
        "dimensions": 1024,
        "embedding": [
          0.002355987438932061,
          0.007562567014247179,
          0.007991793565452099,
          0.004087812267243862,
          0.046355295926332474,
          0.0369655042886734,
          0.02300039865076542,
          0.05136190354824066,
          0.038274481892585754,
          0.050086334347724915,
          "..."
        ],
        "has_collected_knowledge": false,
        "descriptor_strategy": "diverse",
        "descriptors": [
          "protective_veteran",
          "Unit cohesion",
          "haptic_interface_mastery",
          "drone_operation",
          "Constantly assesses threats",
          "Check your six.",
          "tactically_minded",
          "Family security",
          "tactical_combat",
          "surveillance_systems",
          "Phantom haptic sensations from implants",
          "Family is the mission.",
          "haptically_enhanced"
        ],
        "duration_sec": 0.118,
        "error": null
      },
      {
        "run": 3,
        "dimensions": 1024,
        "embedding": [
          0.009850811213254929,
          0.04863910749554634,
          0.035756245255470276,
          0.039114367216825485,
          0.04130302369594574,
          0.01856415346264839,
          0.029986491426825523,
          0.015111573040485382,
          0.05204759165644646,
          0.002018153900280595,
          "..."
        ],
        "has_collected_knowledge": false,
        "descriptor_strategy": "focused",
        "descriptors": [
          "protective_veteran",
          "tactically_minded",
          "haptically_enhanced",
          "trauma_carrying",
          "fiercely_loyal",
          "Unit cohesion",
          "Family security",
          "Tactical superiority",
          "Honor through action",
          "Protecting the innocent",
          "haptic_interface_mastery",
          "tactical_combat",
          "threat_assessment",
          "squad_leadership",
          "drone_operation"
        ],
        "duration_sec": 0.123,
        "error": null
      }
    ]
  },
  "skill_builder": {
    "runs": 3,
    "embeddings": [
      {
        "run": 1,
        "dimensions": 1024,
        "embedding": [
          0.012392516247928143,
          0.0023445328697562218,
          0.032660599797964096,
          0.03429149091243744,
          0.05212923511862755,
          0.03240576013922691,
          0.030301107093691826,
          0.01913461647927761,
          0.0043166750110685825,
          0.025984419509768486,
          "..."
        ],
        "skill_count": 5,
        "salts_used": [
          "protective_veteran",
          "tactically_minded",
          "haptically_enhanced",
          "trauma_carrying",
          "fiercely_loyal",
          "Unit cohesion",
          "Family security",
          "Tactical superiority",
          "Honor through action",
          "Protecting the innocent",
          "haptic_interface_mastery",
          "tactical_combat",
          "threat_assessment",
          "squad_leadership",
          "drone_operation"
        ],
        "descriptor_strategy": "focused",
        "descriptors": [
          "protective_veteran",
          "tactically_minded",
          "haptically_enhanced",
          "trauma_carrying",
          "fiercely_loyal",
          "Unit cohesion",
          "Family security",
          "Tactical superiority",
          "Honor through action",
          "Protecting the innocent",
          "haptic_interface_mastery",
          "tactical_combat",
          "threat_assessment",
          "squad_leadership",
          "drone_operation"
        ],
        "duration_sec": 0.727,
        "error": null
      },
      {
        "run": 2,
        "dimensions": 1024,
        "embedding": [
          0.024883998557925224,
          0.053837645798921585,
          0.03340853005647659,
          0.03165454417467117,
          0.04081147164106369,
          0.03292938321828842,
          0.03390379250049591,
          0.029865501448512077,
          0.044483330100774765,
          0.015718625858426094,
          "..."
        ],
        "skill_count": 5,
        "salts_used": [
          "protective_veteran",
          "Unit cohesion",
          "haptic_interface_mastery",
          "drone_operation",
          "Constantly assesses threats",
          "Check your six.",
          "tactically_minded",
          "Family security",
          "tactical_combat",
          "surveillance_systems",
          "Phantom haptic sensations from implants",
          "Family is the mission.",
          "haptically_enhanced"
        ],
        "descriptor_strategy": "diverse",
        "descriptors": [
          "protective_veteran",
          "Unit cohesion",
          "haptic_interface_mastery",
          "drone_operation",
          "Constantly assesses threats",
          "Check your six.",
          "tactically_minded",
          "Family security",
          "tactical_combat",
          "surveillance_systems",
          "Phantom haptic sensations from implants",
          "Family is the mission.",
          "haptically_enhanced"
        ],
        "duration_sec": 0.727,
        "error": null
      },
      {
        "run": 3,
        "dimensions": 1024,
        "embedding": [
          0.031495146453380585,
          0.020729344338178635,
          0.05263753607869148,
          0.04068000987172127,
          0.02454322762787342,
          0.027685249224305153,
          0.02728317119181156,
          0.009164698421955109,
          0.03529328480362892,
          0.00743489433079958,
          "..."
        ],
        "skill_count": 5,
        "salts_used": [
          "protective_veteran",
          "tactically_minded",
          "haptically_enhanced",
          "trauma_carrying",
          "fiercely_loyal",
          "Unit cohesion",
          "Family security",
          "Tactical superiority",
          "Honor through action",
          "Protecting the innocent",
          "haptic_interface_mastery",
          "tactical_combat",
          "threat_assessment",
          "squad_leadership",
          "drone_operation"
        ],
        "descriptor_strategy": "focused",