{
  "name": "Chauncey Gardener",
  "source_file": "chauncey_gardener.json",
  "processed_at": "2026-01-09T05:36:35.271241",
  "run_count": 3,
  "strategy": "hybrid",
  "knowledge_builder": {
    "runs": 3,
    "embeddings": [
      {
        "run": 1,
        "dimensions": 1024,
        "embedding": [
          0.04190663620829582,
          0.04683477804064751,
          0.04541395604610443,
          0.0528598353266716,
          0.018487822264432907,
          0.00649010157212615,
          0.0021317368373274803,
          0.0022536921314895153,
          0.0005539313424378633,
          0.04901869595050812,
          "..."
        ],
        "has_collected_knowledge": false,
        "descriptor_strategy": "focused",
        "descriptors": [
          "profoundly_simple",
          "completely_present",
          "literally_minded",
          "gentle_natured",
          "unintentionally_wise",
          "Gardens need care",
          "Everything has its season",
          "Simple observation",
          "Being present",
          "Television programs",
          "gardening",
          "observation",
          "television_watching",
          "simple_wisdom",
          "patience"
        ],
        "duration_sec": 0.123,
        "error": null
      },
      {
        "run": 2,
        "dimensions": 1024,
        "embedding": [
          0.03187695890665054,
          0.01626509800553322,
          0.017695296555757523,
          0.02428118884563446,
          0.02808494307100773,
          0.009435118176043034,
          0.02632920816540718,
          0.003984712529927492,
          0.034819889813661575,
          0.011052459478378296,
          "..."
        ],
        "has_collected_knowledge": false,
        "descriptor_strategy": "diverse",
        "descriptors": [
          "profoundly_simple",
          "Gardens need care",
          "gardening",
          "patience",
          "Relates everything to gardening",
          "I like to watch.",
          "completely_present",
          "Everything has its season",
          "observation",
          "presence",
          "Takes everything literally",
          "In the garden, growth has its seasons.",
          "literally_minded"
        ],
        "duration_sec": 0.13,
        "error": null
      },
      {
        "run": 3,
        "dimensions": 1024,
        "embedding": [
          0.04955795779824257,
          0.046554211527109146,
          0.0386231504380703,
          0.0025015538558363914,
          0.04971560463309288,
          0.013604938983917236,
          0.002716800896450877,
          0.049037907272577286,
          0.00750261265784502,
          0.04438650235533714,
          "..."
        ],
        "has_collected_knowledge": false,
        "descriptor_strategy": "focused",
        "descriptors": [
          "profoundly_simple",
          "completely_present",
          "literally_minded",
          "gentle_natured",
          "unintentionally_wise",
          "Gardens need care",
          "Everything has its season",
          "Simple observation",
          "Being present",
          "Television programs",
          "gardening",
          "observation",
          "television_watching",
          "simple_wisdom",
          "patience"
        ],
        "duration_sec": 0.121,
        "error": null
      }
    ]
  },
  "skill_builder": {
    "runs": 3,
    "embeddings": [
      {
        "run": 1,
        "dimensions": 1024,
        "embedding": [
          0.045485757291316986,
          0.004835808649659157,
          0.028633583337068558,
          0.004688856191933155,
          0.049320001155138016,
          0.04541042074561119,
          0.04530088230967522,
          0.04422836750745773,
          0.0038071228191256523,
          0.04143980145454407,
          "..."
        ],
        "skill_count": 5,
        "salts_used": [
          "profoundly_simple",
          "completely_present",
          "literally_minded",
          "gentle_natured",
          "unintentionally_wise",
          "Gardens need care",
          "Everything has its season",
          "Simple observation",
          "Being present",
          "Television programs",
          "gardening",
          "observation",
          "television_watching",
          "simple_wisdom",
          "patience"
        ],
        "descriptor_strategy": "focused",
        "descriptors": [
          "profoundly_simple",
          "completely_present",
          "literally_minded",
          "gentle_natured",
          "unintentionally_wise",
          "Gardens need care",
          "Everything has its season",
          "Simple observation",
          "Being present",
          "Television programs",
          "gardening",
          "observation",
          "television_watching",
          "simple_wisdom",
          "patience"
        ],
        "duration_sec": 0.728,
        "error": null
      },
      {
        "run": 2,
        "dimensions": 1024,
        "embedding": [
          0.006756077520549297,
          0.04022688791155815,
          0.02919824607670307,
          0.03334403410553932,
          0.03694632649421692,
          0.012443515472114086,
          0.026945939287543297,
          0.00015783825074322522,
          0.052433181554079056,
          0.03427748754620552,
          "..."
        ],
        "skill_count": 5,
        "salts_used": [
          "profoundly_simple",
          "Gardens need care",
          "gardening",
          "patience",
          "Relates everything to gardening",
          "I like to watch.",
          "completely_present",
          "Everything has its season",
          "observation",
          "presence",
          "Takes everything literally",
          "In the garden, growth has its seasons.",
          "literally_minded"
        ],
        "descriptor_strategy": "diverse",
        "descriptors": [
          "profoundly_simple",
          "Gardens need care",
          "gardening",
          "patience",
          "Relates everything to gardening",
          "I like to watch.",
          "completely_present",
          "Everything has its season",
          "observation",
          "presence",
          "Takes everything literally",
          "In the garden, growth has its seasons.",
          "literally_minded"
        ],
        "duration_sec": 0.724,
        "error": null
      },
      {
        "run": 3,
        "dimensions": 1024,
        "embedding": [
          0.008581478148698807,
          0.007358040194958448,
          0.03231384605169296,
          0.030468609184026718,
          0.05264913663268089,
          0.013458149507641792,
          0.02515670843422413,
          0.007081653922796249,
          0.04477568715810776,
          0.004135448019951582,
          "..."
        ],
        "skill_count": 5,
        "salts_used": [
          "profoundly_simple",
          "completely_present",
          "literally_minded",
          "gentle_natured",
          "unintentionally_wise",
          "Gardens need care",
          "Everything has its season",
          "Simple observation",
          "Being present",
          "Television programs",
          "gardening",
          "observation",
          "television_watching",
          "simple_wisdom",
          "patience"
        ],
        "descriptor_strategy": "focused",
        "descriptors": [
          "profoundly_simple",
          "completely_present",
          "literally_minded",
          "gentle_natured",
          "unintentionally_wise",
          "Gardens need care",
          "Everything has its season",
          "Simple observation",
          "Being present",
          "Television programs",
          "gardening",
          "observation",
          "television_watching",
          "simple_wisdom",
          "patience"
        ],
        "duration_sec": 0.717,
        "error": null
      }
    ]
  }
}