{
  "name": "Don Norman",
  "source_file": "don_norman.json",
  "processed_at": "2026-01-09T05:36:47.540933",
  "run_count": 3,
  "strategy": "hybrid",
  "knowledge_builder": {
    "runs": 3,
    "embeddings": [
      {
        "run": 1,
        "dimensions": 1024,
        "embedding": [
          0.012638164684176445,
          0.0028728151228278875,
          0.029732882976531982,
          0.03136182576417923,
          0.01123820897191763,
          0.0033112417440861464,
          0.014932421036064625,
          0.009064830839633942,
          0.035422515124082565,
          0.0010384211782366037,
          "..."
        ],
        "has_collected_knowledge": false,
        "descriptor_strategy": "focused",
        "descriptors": [
          "Human-Centered Design",
          "Cognitive Science",
          "Usability"
        ],
        "duration_sec": 0.115,
        "error": null
      },
      {
        "run": 2,
        "dimensions": 1024,
        "embedding": [
          0.03287235647439957,
          0.006027593277394772,
          0.04900509864091873,
          0.040734972804784775,
          0.04116702824831009,
          0.03851976990699768,
          0.023152606561779976,
          0.029781799763441086,
          0.012380041182041168,
          0.015219501219689846,
          "..."
        ],
        "has_collected_knowledge": false,
        "descriptor_strategy": "diverse",
        "descriptors": [
          "Human-Centered Design",
          "Cognitive Science",
          "Usability"
        ],
        "duration_sec": 0.119,
        "error": null
      },
      {
        "run": 3,
        "dimensions": 1024,
        "embedding": [
          0.053762275725603104,
          0.05019743740558624,
          0.051308318972587585,
          0.043521102517843246,
          0.007564447820186615,
          0.01837407797574997,
          0.04275541007518768,
          0.05259817838668823,
          0.053641241043806076,
          0.03159647807478905,
          "..."
        ],
        "has_collected_knowledge": false,
        "descriptor_strategy": "focused",
        "descriptors": [
          "Human-Centered Design",
          "Cognitive Science",
          "Usability"
        ],
        "duration_sec": 0.119,
        "error": null
      }
    ]
  },
  "skill_builder": {
    "runs": 3,
    "embeddings": [
      {
        "run": 1,
        "dimensions": 1024,
        "embedding": [
          0.0411001481115818,
          0.016029953956604004,
          0.028465865179896355,
          0.04266209527850151,
          0.005637227091938257,
          0.049948178231716156,
          0.015041545033454895,
          0.019888129085302353,
          0.002334705786779523,
          0.033216919749975204,
          "..."
        ],
        "skill_count": 3,
        "salts_used": [
          "Human-Centered Design",
          "Cognitive Science",
          "Usability"
        ],
        "descriptor_strategy": "focused",
        "descriptors": [
          "Human-Centered Design",
          "Cognitive Science",
          "Usability"
        ],
        "duration_sec": 0.464,
        "error": null
      },
      {
        "run": 2,
        "dimensions": 1024,
        "embedding": [
          0.04489980265498161,
          0.012723630294203758,
          0.03132067620754242,
          0.02599216252565384,
          0.03903243690729141,
          0.04075421392917633,
          0.0222029872238636,
          0.0489298552274704,
          0.019435646012425423,
          0.04357735067605972,
          "..."
        ],
        "skill_count": 3,
        "salts_used": [
          "Human-Centered Design",
          "Cognitive Science",
          "Usability"
        ],
        "descriptor_strategy": "diverse",
        "descriptors": [
          "Human-Centered Design",
          "Cognitive Science",
          "Usability"
        ],
        "duration_sec": 0.458,
        "error": null
      },
      {
        "run": 3,
        "dimensions": 1024,
        "embedding": [
          0.03593280911445618,
          0.05359017848968506,
          0.03439374268054962,
          0.04885850474238396,
          0.033664580434560776,
          0.004945231601595879,
          0.0025142361409962177,
          0.04458140581846237,
          0.03546503931283951,
          0.02590911090373993,
          "..."
        ],
        "skill_count": 3,
        "salts_used": [
          "Human-Centered Design",
          "Cognitive Science",
          "Usability"
        ],
        "descriptor_strategy": "focused",
        "descriptors": [
          "Human-Centered Design",
          "Cognitive Science",
          "Usability"
        ],
        "duration_sec": 0.46,
        "error": null
      }
    ]
  }
}