{
  "name": "Dorothea Brooke",
  "source_file": "dorothea_brooke.json",
  "processed_at": "2026-01-09T05:36:51.131571",
  "run_count": 3,
  "strategy": "hybrid",
  "knowledge_builder": {
    "runs": 3,
    "embeddings": [
      {
        "run": 1,
        "dimensions": 1024,
        "embedding": [
          0.020442036911845207,
          0.026574285700917244,
          0.008539224974811077,
          0.026156490668654442,
          0.051278430968523026,
          0.0558067224919796,
          0.030983304604887962,
          0.012674777768552303,
          0.0360991545021534,
          0.0337098091840744,
          "..."
        ],
        "has_collected_knowledge": false,
        "descriptor_strategy": "focused",
        "descriptors": [
          "Moral earnestness and integrity",
          "Desire for meaningful contribution",
          "Architectural and social reform interests"
        ],
        "duration_sec": 0.114,
        "error": null
      },
      {
        "run": 2,
        "dimensions": 1024,
        "embedding": [
          0.019830508157610893,
          0.022415826097130775,
          0.03457547724246979,
          0.032957203686237335,
          0.028393831104040146,
          0.018735477700829506,
          0.040096428245306015,
          0.04146639257669449,
          0.016728589311242104,
          0.036678384989500046,
          "..."
        ],
        "has_collected_knowledge": false,
        "descriptor_strategy": "diverse",
        "descriptors": [
          "Moral earnestness and integrity",
          "Desire for meaningful contribution",
          "Architectural and social reform interests"
        ],
        "duration_sec": 0.112,
        "error": null
      },
      {
        "run": 3,
        "dimensions": 1024,
        "embedding": [
          0.024574019014835358,
          0.00614946661517024,
          0.00458741607144475,
          0.03214437514543533,
          0.0432049036026001,
          0.02620144933462143,
          0.033867184072732925,
          0.02561289444565773,
          0.05426238104701042,
          0.02279442735016346,
          "..."
        ],
        "has_collected_knowledge": false,
        "descriptor_strategy": "focused",
        "descriptors": [
          "Moral earnestness and integrity",
          "Desire for meaningful contribution",
          "Architectural and social reform interests"
        ],
        "duration_sec": 0.118,
        "error": null
      }
    ]
  },
  "skill_builder": {
    "runs": 3,
    "embeddings": [
      {
        "run": 1,
        "dimensions": 1024,
        "embedding": [
          0.04692034050822258,
          0.023872921243309975,
          0.028671514242887497,
          0.04227873310446739,
          0.04898607358336449,
          0.022119393572211266,
          0.04898412898182869,
          0.04134586080908775,
          0.04712912067770958,
          0.041933026164770126,
          "..."
        ],
        "skill_count": 3,
        "salts_used": [
          "Moral earnestness and integrity",
          "Desire for meaningful contribution",
          "Architectural and social reform interests"
        ],
        "descriptor_strategy": "focused",
        "descriptors": [
          "Moral earnestness and integrity",
          "Desire for meaningful contribution",
          "Architectural and social reform interests"
        ],
        "duration_sec": 0.453,
        "error": null
      },
      {
        "run": 2,
        "dimensions": 1024,
        "embedding": [
          0.048449885100126266,
          0.01645590364933014,
          0.0377681627869606,
          0.029047170653939247,
          0.03455330803990364,
          0.03834306076169014,
          0.03121957741677761,
          0.033397186547517776,
          0.020909421145915985,
          0.026669852435588837,
          "..."
        ],
        "skill_count": 3,
        "salts_used": [
          "Moral earnestness and integrity",
          "Desire for meaningful contribution",
          "Architectural and social reform interests"
        ],
        "descriptor_strategy": "diverse",
        "descriptors": [
          "Moral earnestness and integrity",
          "Desire for meaningful contribution",
          "Architectural and social reform interests"
        ],
        "duration_sec": 0.453,
        "error": null
      },
      {
        "run": 3,
        "dimensions": 1024,
        "embedding": [
          0.012268850579857826,
          0.04163019359111786,
          0.0360003262758255,
          0.051981329917907715,
          0.031573936343193054,
          0.02023315243422985,
          0.05065658688545227,
          0.04002109542489052,
          0.04630182683467865,
          0.040651530027389526,
          "..."
        ],
        "skill_count": 3,
        "salts_used": [
          "Moral earnestness and integrity",
          "Desire for meaningful contribution",
          "Architectural and social reform interests"
        ],
        "descriptor_strategy": "focused",
        "descriptors": [
          "Moral earnestness and integrity",
          "Desire for meaningful contribution",
          "Architectural and social reform interests"
        ],
        "duration_sec": 0.455,
        "error": null
      }
    ]
  }
}