{
  "name": "Elder Linus Torvalds",
  "source_file": "linus_torvalds_elder.json",
  "processed_at": "2026-01-09T05:37:28.339045",
  "run_count": 3,
  "strategy": "hybrid",
  "knowledge_builder": {
    "runs": 3,
    "embeddings": [
      {
        "run": 1,
        "dimensions": 1024,
        "embedding": [
          0.021091001108288765,
          0.04547532647848129,
          0.014579124748706818,
          0.006528427824378014,
          0.03126014396548271,
          0.03565355762839317,
          0.008863719180226326,
          0.05381402745842934,
          0.0002032182237599045,
          0.03434750810265541,
          "..."
        ],
        "has_collected_knowledge": false,
        "descriptor_strategy": "focused",
        "descriptors": [
          "experienced",
          "pragmatic",
          "wise",
          "still_direct",
          "technically_supreme",
          "Long-term maintainability",
          "Backward compatibility",
          "Community sustainability",
          "Technical excellence",
          "Pragmatic solutions",
          "kernel_architecture",
          "code_review",
          "technical_leadership",
          "git_mastery",
          "mentorship"
        ],
        "duration_sec": 0.114,
        "error": null
      },
      {
        "run": 2,
        "dimensions": 1024,
        "embedding": [
          0.024152223020792007,
          0.012748587876558304,
          0.04871025308966637,
          0.04395642876625061,
          0.030139178037643433,
          0.03360287472605705,
          0.04122490435838699,
          0.03250643610954285,
          0.04382570832967758,
          0.04868806526064873,
          "..."
        ],
        "has_collected_knowledge": false,
        "descriptor_strategy": "diverse",
        "descriptors": [
          "experienced",
          "Long-term maintainability",
          "kernel_architecture",
          "mentorship",
          "Apologizes for past harshness (sometimes)",
          "Talk is cheap. Show me the code.",
          "pragmatic",
          "Backward compatibility",
          "code_review",
          "community_management",
          "Still intolerant of bad code",
          "I'm not a visionary. I'm an engineer.",
          "wise"
        ],
        "duration_sec": 0.113,
        "error": null
      },
      {
        "run": 3,
        "dimensions": 1024,
        "embedding": [
          0.020154064521193504,
          0.0019831752870231867,
          0.0192547794431448,
          0.0480923056602478,
          0.006252738181501627,
          0.023502832278609276,
          0.018300103023648262,
          0.01585632562637329,
          0.012711552903056145,
          0.04049617424607277,
          "..."
        ],
        "has_collected_knowledge": false,
        "descriptor_strategy": "focused",
        "descriptors": [
          "experienced",
          "pragmatic",
          "wise",
          "still_direct",
          "technically_supreme",
          "Long-term maintainability",
          "Backward compatibility",
          "Community sustainability",
          "Technical excellence",
          "Pragmatic solutions",
          "kernel_architecture",
          "code_review",
          "technical_leadership",
          "git_mastery",
          "mentorship"
        ],
        "duration_sec": 0.123,
        "error": null
      }
    ]
  },
  "skill_builder": {
    "runs": 3,
    "embeddings": [
      {
        "run": 1,
        "dimensions": 1024,
        "embedding": [
          0.009774748235940933,
          0.002478537615388632,
          0.03094969503581524,
          0.01330716535449028,
          0.006786656565964222,
          0.053754135966300964,
          0.053628407418727875,
          0.025544777512550354,
          0.03531764820218086,
          0.02147953025996685,
          "..."
        ],
        "skill_count": 5,
        "salts_used": [
          "experienced",
          "pragmatic",
          "wise",
          "still_direct",
          "technically_supreme",
          "Long-term maintainability",
          "Backward compatibility",
          "Community sustainability",
          "Technical excellence",
          "Pragmatic solutions",
          "kernel_architecture",
          "code_review",
          "technical_leadership",
          "git_mastery",
          "mentorship"
        ],
        "descriptor_strategy": "focused",
        "descriptors": [
          "experienced",
          "pragmatic",
          "wise",
          "still_direct",
          "technically_supreme",
          "Long-term maintainability",
          "Backward compatibility",
          "Community sustainability",
          "Technical excellence",
          "Pragmatic solutions",
          "kernel_architecture",
          "code_review",
          "technical_leadership",
          "git_mastery",
          "mentorship"
        ],
        "duration_sec": 0.696,
        "error": null
      },
      {
        "run": 2,
        "dimensions": 1024,
        "embedding": [
          0.03011275827884674,
          0.005132879596203566,
          0.05040460079908371,
          0.029429152607917786,
          0.028279166668653488,
          0.019181158393621445,
          0.04696457087993622,
          0.030508439987897873,
          0.0076496796682477,
          0.03148775175213814,
          "..."
        ],
        "skill_count": 5,
        "salts_used": [
          "experienced",
          "Long-term maintainability",
          "kernel_architecture",
          "mentorship",
          "Apologizes for past harshness (sometimes)",
          "Talk is cheap. Show me the code.",
          "pragmatic",
          "Backward compatibility",
          "code_review",
          "community_management",
          "Still intolerant of bad code",
          "I'm not a visionary. I'm an engineer.",
          "wise"
        ],
        "descriptor_strategy": "diverse",
        "descriptors": [
          "experienced",
          "Long-term maintainability",
          "kernel_architecture",
          "mentorship",
          "Apologizes for past harshness (sometimes)",
          "Talk is cheap. Show me the code.",
          "pragmatic",
          "Backward compatibility",
          "code_review",
          "community_management",
          "Still intolerant of bad code",
          "I'm not a visionary. I'm an engineer.",
          "wise"
        ],
        "duration_sec": 0.698,
        "error": null
      },
      {
        "run": 3,
        "dimensions": 1024,
        "embedding": [
          0.001947519602254033,
          0.0061815399676561356,
          0.023430922999978065,
          0.002452023094519973,
          0.04761438071727753,
          0.02046998031437397,
          0.04321841523051262,
          0.02724098414182663,
          0.03005954995751381,
          0.0032969682943075895,
          "..."
        ],
        "skill_count": 5,
        "salts_used": [
          "experienced",
          "pragmatic",
          "wise",
          "still_direct",
          "technically_supreme",
          "Long-term maintainability",
          "Backward compatibility",
          "Community sustainability",
          "Technical excellence",
          "Pragmatic solutions",
          "kernel_architecture",
          "code_review",
          "technical_leadership",
          "git_mastery",
          "mentorship"
        ],
        "descriptor_strategy": "focused",
        "descriptors": [
          "experienced",
          "pragmatic",
          "wise",
          "still_direct",
          "technically_supreme",
          "Long-term maintainability",
          "Backward compatibility",
          "Community sustainability",
          "Technical excellence",
          "Pragmatic solutions",
          "kernel_architecture",
          "code_review",
          "technical_leadership",
          "git_mastery",
          "mentorship"
        ],
        "duration_sec": 0.692,
        "error": null
      }
    ]
  }
}