{
  "name": "Flynne Fisher",
  "source_file": "flynne_fisher.json",
  "processed_at": "2026-01-09T05:36:57.405622",
  "run_count": 3,
  "strategy": "hybrid",
  "knowledge_builder": {
    "runs": 3,
    "embeddings": [
      {
        "run": 1,
        "dimensions": 1024,
        "embedding": [
          0.043566860258579254,
          0.03545042499899864,
          0.05276226997375488,
          0.029931986704468727,
          0.028026152402162552,
          0.0357382632791996,
          0.01719365268945694,
          0.0039278496988117695,
          0.03252827376127243,
          0.008223936893045902,
          "..."
        ],
        "has_collected_knowledge": false,
        "descriptor_strategy": "focused",
        "descriptors": [
          "fiercely_loyal",
          "practically_intelligent",
          "gaming_skilled",
          "temporally_aware",
          "family_focused",
          "Family above all",
          "Truth despite consequences",
          "Protecting the vulnerable",
          "Practical solutions",
          "Local community",
          "virtual_reality_mastery",
          "pattern_recognition",
          "temporal_navigation",
          "tactical_gaming",
          "3d_printing_tech"
        ],
        "duration_sec": 0.118,
        "error": null
      },
      {
        "run": 2,
        "dimensions": 1024,
        "embedding": [
          0.0005821491358801723,
          0.002684931270778179,
          0.03979412466287613,
          0.039679404348134995,
          0.031961265951395035,
          0.034823738038539886,
          0.02643883414566517,
          0.04311938211321831,
          0.023331452161073685,
          0.03172788396477699,
          "..."
        ],
        "has_collected_knowledge": false,
        "descriptor_strategy": "diverse",
        "descriptors": [
          "fiercely_loyal",
          "Family above all",
          "virtual_reality_mastery",
          "3d_printing_tech",
          "Exceptional at pattern recognition in games",
          "This isn't a game anymore.",
          "practically_intelligent",
          "Truth despite consequences",
          "pattern_recognition",
          "family_coordination",
          "Protective of her brother Burton",
          "Family comes first, always.",
          "gaming_skilled"
        ],
        "duration_sec": 0.115,
        "error": null
      },
      {
        "run": 3,
        "dimensions": 1024,
        "embedding": [
          0.054188214242458344,
          0.026852214708924294,
          0.010245699435472488,
          0.020230183377861977,
          0.050198763608932495,
          0.009045789949595928,
          0.03365124389529228,
          0.035801324993371964,
          0.04502486065030098,
          0.022611286491155624,
          "..."
        ],
        "has_collected_knowledge": false,
        "descriptor_strategy": "focused",
        "descriptors": [
          "fiercely_loyal",
          "practically_intelligent",
          "gaming_skilled",
          "temporally_aware",
          "family_focused",
          "Family above all",
          "Truth despite consequences",
          "Protecting the vulnerable",
          "Practical solutions",
          "Local community",
          "virtual_reality_mastery",
          "pattern_recognition",
          "temporal_navigation",
          "tactical_gaming",
          "3d_printing_tech"
        ],
        "duration_sec": 0.119,
        "error": null
      }
    ]
  },
  "skill_builder": {
    "runs": 3,
    "embeddings": [
      {
        "run": 1,
        "dimensions": 1024,
        "embedding": [
          0.015385960228741169,
          0.03823775053024292,
          0.02265840396285057,
          0.03886693716049194,
          0.0218936949968338,
          0.044586289674043655,
          0.02873883955180645,
          0.03454660251736641,
          0.004429005552083254,
          0.005612564738839865,
          "..."
        ],
        "skill_count": 5,
        "salts_used": [
          "fiercely_loyal",
          "practically_intelligent",
          "gaming_skilled",
          "temporally_aware",
          "family_focused",
          "Family above all",
          "Truth despite consequences",
          "Protecting the vulnerable",
          "Practical solutions",
          "Local community",
          "virtual_reality_mastery",
          "pattern_recognition",
          "temporal_navigation",
          "tactical_gaming",
          "3d_printing_tech"
        ],
        "descriptor_strategy": "focused",
        "descriptors": [
          "fiercely_loyal",
          "practically_intelligent",
          "gaming_skilled",
          "temporally_aware",
          "family_focused",
          "Family above all",
          "Truth despite consequences",
          "Protecting the vulnerable",
          "Practical solutions",
          "Local community",
          "virtual_reality_mastery",
          "pattern_recognition",
          "temporal_navigation",
          "tactical_gaming",
          "3d_printing_tech"
        ],
        "duration_sec": 0.864,
        "error": null
      },
      {
        "run": 2,
        "dimensions": 1024,
        "embedding": [
          0.04268181696534157,
          0.03737270087003708,
          0.008394142612814903,
          0.0017073189374059439,
          0.044983260333538055,
          0.021894648671150208,
          0.00822332501411438,
          0.012140538543462753,
          0.019541896879673004,
          0.049159325659275055,
          "..."
        ],
        "skill_count": 5,
        "salts_used": [
          "fiercely_loyal",
          "Family above all",
          "virtual_reality_mastery",
          "3d_printing_tech",
          "Exceptional at pattern recognition in games",
          "This isn't a game anymore.",
          "practically_intelligent",
          "Truth despite consequences",
          "pattern_recognition",
          "family_coordination",
          "Protective of her brother Burton",
          "Family comes first, always.",
          "gaming_skilled"
        ],
        "descriptor_strategy": "diverse",
        "descriptors": [
          "fiercely_loyal",
          "Family above all",
          "virtual_reality_mastery",
          "3d_printing_tech",
          "Exceptional at pattern recognition in games",
          "This isn't a game anymore.",
          "practically_intelligent",
          "Truth despite consequences",
          "pattern_recognition",
          "family_coordination",
          "Protective of her brother Burton",
          "Family comes first, always.",
          "gaming_skilled"
        ],
        "duration_sec": 0.69,
        "error": null
      },
      {
        "run": 3,
        "dimensions": 1024,
        "embedding": [
          0.01729845255613327,
          0.018328871577978134,
          0.01674235425889492,
          0.003695816732943058,
          0.04024941101670265,
          0.024026136845350266,
          0.04209304228425026,
          0.012051129713654518,
          0.010631626471877098,
          0.02520999312400818,
          "..."
        ],
        "skill_count": 5,
        "salts_used": [
          "fiercely_loyal",
          "practically_intelligent",
          "gaming_skilled",
          "temporally_aware",
          "family_focused",
          "Family above all",
          "Truth despite consequences",
          "Protecting the vulnerable",
          "Practical solutions",
          "Local community",
          "virtual_reality_mastery",
          "pattern_recognition",
          "temporal_navigation",
          "tactical_gaming",
          "3d_printing_tech"
        ],
        "descriptor_strategy": "focused",