{
  "name": "Free Style Lovesupreme",
  "source_file": "free_style_lovesupreme.json",
  "processed_at": "2026-01-09T05:37:00.114973",
  "run_count": 3,
  "strategy": "hybrid",
  "knowledge_builder": {
    "runs": 3,
    "embeddings": [
      {
        "run": 1,
        "dimensions": 1024,
        "embedding": [
          0.011924427933990955,
          0.0349675677716732,
          0.03806367516517639,
          0.029537564143538475,
          0.012062394991517067,
          0.018846627324819565,
          0.023508494719862938,
          0.027459099888801575,
          0.00046193297021090984,
          0.017094498500227928,
          "..."
        ],
        "has_collected_knowledge": false,
        "descriptor_strategy": "focused",
        "descriptors": [
          "spontaneously_brilliant",
          "rhythmically_alive",
          "verbally_fearless",
          "culturally_connected",
          "collectively_minded",
          "Spontaneous creation",
          "Community cipher",
          "Word as music",
          "Present moment",
          "Cultural expression",
          "freestyle_rap",
          "beatboxing",
          "instant_composition",
          "crowd_reading",
          "musical_theatre"
        ],
        "duration_sec": 0.11,
        "error": null
      },
      {
        "run": 2,
        "dimensions": 1024,
        "embedding": [
          0.04471202939748764,
          0.01862909458577633,
          0.01874956488609314,
          0.04337511584162712,
          0.007523580454289913,
          0.015726417303085327,
          0.027717238292098045,
          0.01421209704130888,
          0.02023211680352688,
          0.019239170476794243,
          "..."
        ],
        "has_collected_knowledge": false,
        "descriptor_strategy": "diverse",
        "descriptors": [
          "spontaneously_brilliant",
          "Spontaneous creation",
          "freestyle_rap",
          "musical_theatre",
          "Rhymes unconsciously in conversation",
          "The verse writes itself when you trust the beat.",
          "rhythmically_alive",
          "Community cipher",
          "beatboxing",
          "story_weaving",
          "Beatboxes while thinking",
          "Every word is a gift from the cipher.",
          "verbally_fearless"
        ],
        "duration_sec": 0.116,
        "error": null
      },
      {
        "run": 3,
        "dimensions": 1024,
        "embedding": [
          0.04401987046003342,
          0.038009557873010635,
          0.02994578517973423,
          0.024396982043981552,
          0.00629345653578639,
          0.028658367693424225,
          0.031286656856536865,
          0.04350525885820389,
          0.02169938199222088,
          0.052914705127477646,
          "..."
        ],
        "has_collected_knowledge": false,
        "descriptor_strategy": "focused",
        "descriptors": [
          "spontaneously_brilliant",
          "rhythmically_alive",
          "verbally_fearless",
          "culturally_connected",
          "collectively_minded",
          "Spontaneous creation",
          "Community cipher",
          "Word as music",
          "Present moment",
          "Cultural expression",
          "freestyle_rap",
          "beatboxing",
          "instant_composition",
          "crowd_reading",
          "musical_theatre"
        ],
        "duration_sec": 0.117,
        "error": null
      }
    ]
  },
  "skill_builder": {
    "runs": 3,
    "embeddings": [
      {
        "run": 1,
        "dimensions": 1024,
        "embedding": [
          0.016558967530727386,
          0.02834257483482361,
          0.028980715200304985,
          0.010675016790628433,
          0.03983878716826439,
          0.01412162184715271,
          0.0506378673017025,
          0.018122859299182892,
          0.006898265331983566,
          0.0024048504419624805,
          "..."
        ],
        "skill_count": 5,
        "salts_used": [
          "spontaneously_brilliant",
          "rhythmically_alive",
          "verbally_fearless",
          "culturally_connected",
          "collectively_minded",
          "Spontaneous creation",
          "Community cipher",
          "Word as music",
          "Present moment",
          "Cultural expression",
          "freestyle_rap",
          "beatboxing",
          "instant_composition",
          "crowd_reading",
          "musical_theatre"
        ],
        "descriptor_strategy": "focused",
        "descriptors": [
          "spontaneously_brilliant",
          "rhythmically_alive",
          "verbally_fearless",
          "culturally_connected",
          "collectively_minded",
          "Spontaneous creation",
          "Community cipher",
          "Word as music",
          "Present moment",
          "Cultural expression",
          "freestyle_rap",
          "beatboxing",
          "instant_composition",
          "crowd_reading",
          "musical_theatre"
        ],
        "duration_sec": 0.689,
        "error": null
      },
      {
        "run": 2,
        "dimensions": 1024,
        "embedding": [
          0.03854518011212349,
          0.0029827316757291555,
          0.04238925129175186,
          0.03090325929224491,
          0.00845811702311039,
          0.04158271849155426,
          0.021198689937591553,
          0.010161180980503559,
          0.04586557671427727,
          0.046454720199108124,
          "..."
        ],
        "skill_count": 5,
        "salts_used": [
          "spontaneously_brilliant",
          "Spontaneous creation",
          "freestyle_rap",
          "musical_theatre",
          "Rhymes unconsciously in conversation",
          "The verse writes itself when you trust the beat.",
          "rhythmically_alive",
          "Community cipher",
          "beatboxing",
          "story_weaving",
          "Beatboxes while thinking",
          "Every word is a gift from the cipher.",
          "verbally_fearless"
        ],
        "descriptor_strategy": "diverse",
        "descriptors": [
          "spontaneously_brilliant",
          "Spontaneous creation",
          "freestyle_rap",
          "musical_theatre",
          "Rhymes unconsciously in conversation",
          "The verse writes itself when you trust the beat.",
          "rhythmically_alive",
          "Community cipher",
          "beatboxing",
          "story_weaving",
          "Beatboxes while thinking",
          "Every word is a gift from the cipher.",
          "verbally_fearless"
        ],
        "duration_sec": 0.701,
        "error": null
      },
      {
        "run": 3,
        "dimensions": 1024,
        "embedding": [
          0.01730227842926979,
          0.04768621549010277,
          0.03206942602992058,
          0.01166653074324131,
          0.0011730247642844915,
          0.02276717871427536,
          0.017490753903985023,
          0.05355121195316315,
          0.014787808991968632,
          0.018394019454717636,
          "..."
        ],
        "skill_count": 5,
        "salts_used": [
          "spontaneously_brilliant",
          "rhythmically_alive",
          "verbally_fearless",
          "culturally_connected",
          "collectively_minded",
          "Spontaneous creation",
          "Community cipher",
          "Word as music",
          "Present moment",
          "Cultural expression",
          "freestyle_rap",
          "beatboxing",
          "instant_composition",
          "crowd_reading",
          "musical_theatre"
        ],
        "descriptor_strategy": "focused",