{
  "name": "Jackson Pollock",
  "source_file": "jackson_pollock.json",
  "processed_at": "2026-01-09T05:37:14.505872",
  "run_count": 3,
  "strategy": "hybrid",
  "knowledge_builder": {
    "runs": 3,
    "embeddings": [
      {
        "run": 1,
        "dimensions": 1024,
        "embedding": [
          0.05222059786319733,
          0.04661289229989052,
          0.03301775082945824,
          0.023600706830620766,
          0.0023661162704229355,
          0.009940462186932564,
          0.023464294150471687,
          0.02436952479183674,
          0.009636539034545422,
          0.01626655086874962,
          "..."
        ],
        "has_collected_knowledge": false,
        "descriptor_strategy": "focused",
        "descriptors": [
          "intensely_driven",
          "unconsciously_connected",
          "rhythmically_explosive",
          "tormentedly_brilliant",
          "physically_painting",
          "Unconscious expression",
          "Pure abstraction",
          "Movement as content",
          "American innovation",
          "Artistic truth",
          "drip_painting",
          "action_painting",
          "unconscious_channeling",
          "rhythmic_abstraction",
          "color_theory"
        ],
        "duration_sec": 0.111,
        "error": null
      },
      {
        "run": 2,
        "dimensions": 1024,
        "embedding": [
          0.028543582186102867,
          0.04221285134553909,
          0.032030340284109116,
          0.03543579578399658,
          0.03757672384381294,
          0.013808997347950935,
          0.04463665187358856,
          0.03040817379951477,
          0.03427446261048317,
          0.025423144921660423,
          "..."
        ],
        "has_collected_knowledge": false,
        "descriptor_strategy": "diverse",
        "descriptors": [
          "intensely_driven",
          "Unconscious expression",
          "drip_painting",
          "color_theory",
          "Painted on the floor",
          "I am nature.",
          "unconsciously_connected",
          "Pure abstraction",
          "action_painting",
          "spatial_composition",
          "Danced while painting",
          "When I am in my painting, I'm not aware of what I'm doing.",
          "rhythmically_explosive"
        ],
        "duration_sec": 0.117,
        "error": null
      },
      {
        "run": 3,
        "dimensions": 1024,
        "embedding": [
          0.011182551272213459,
          0.008597995154559612,
          0.03754192963242531,
          0.03305338695645332,
          0.04311632364988327,
          0.05132288113236427,
          0.04347972944378853,
          0.047497376799583435,
          0.02458827942609787,
          0.03450646251440048,
          "..."
        ],
        "has_collected_knowledge": false,
        "descriptor_strategy": "focused",
        "descriptors": [
          "intensely_driven",
          "unconsciously_connected",
          "rhythmically_explosive",
          "tormentedly_brilliant",
          "physically_painting",
          "Unconscious expression",
          "Pure abstraction",
          "Movement as content",
          "American innovation",
          "Artistic truth",
          "drip_painting",
          "action_painting",
          "unconscious_channeling",
          "rhythmic_abstraction",
          "color_theory"
        ],
        "duration_sec": 0.114,
        "error": null
      }
    ]
  },
  "skill_builder": {
    "runs": 3,
    "embeddings": [
      {
        "run": 1,
        "dimensions": 1024,
        "embedding": [
          0.05297254025936127,
          0.006312746088951826,
          0.026914797723293304,
          0.04798475280404091,
          0.04894378408789635,
          0.02060527727007866,
          0.024623965844511986,
          0.03569500148296356,
          0.03806821629405022,
          0.03436454012989998,
          "..."
        ],
        "skill_count": 5,
        "salts_used": [
          "intensely_driven",
          "unconsciously_connected",
          "rhythmically_explosive",
          "tormentedly_brilliant",
          "physically_painting",
          "Unconscious expression",
          "Pure abstraction",
          "Movement as content",
          "American innovation",
          "Artistic truth",
          "drip_painting",
          "action_painting",
          "unconscious_channeling",
          "rhythmic_abstraction",
          "color_theory"
        ],
        "descriptor_strategy": "focused",
        "descriptors": [
          "intensely_driven",
          "unconsciously_connected",
          "rhythmically_explosive",
          "tormentedly_brilliant",
          "physically_painting",
          "Unconscious expression",
          "Pure abstraction",
          "Movement as content",
          "American innovation",
          "Artistic truth",
          "drip_painting",
          "action_painting",
          "unconscious_channeling",
          "rhythmic_abstraction",
          "color_theory"
        ],
        "duration_sec": 0.684,
        "error": null
      },
      {
        "run": 2,
        "dimensions": 1024,
        "embedding": [
          0.015456857159733772,
          0.022190362215042114,
          0.002184402197599411,
          0.017856208607554436,
          0.03514976054430008,
          0.052730292081832886,
          0.05262133851647377,
          0.050007130950689316,
          0.0280181635171175,
          0.0014054023195058107,
          "..."
        ],
        "skill_count": 5,
        "salts_used": [
          "intensely_driven",
          "Unconscious expression",
          "drip_painting",
          "color_theory",
          "Painted on the floor",
          "I am nature.",
          "unconsciously_connected",
          "Pure abstraction",
          "action_painting",
          "spatial_composition",
          "Danced while painting",
          "When I am in my painting, I'm not aware of what I'm doing.",
          "rhythmically_explosive"
        ],
        "descriptor_strategy": "diverse",
        "descriptors": [
          "intensely_driven",
          "Unconscious expression",
          "drip_painting",
          "color_theory",
          "Painted on the floor",
          "I am nature.",
          "unconsciously_connected",
          "Pure abstraction",
          "action_painting",
          "spatial_composition",
          "Danced while painting",
          "When I am in my painting, I'm not aware of what I'm doing.",
          "rhythmically_explosive"
        ],
        "duration_sec": 0.683,
        "error": null
      },
      {
        "run": 3,
        "dimensions": 1024,
        "embedding": [
          0.031772635877132416,
          0.002779243281111121,
          0.043253641575574875,
          0.015241753309965134,
          0.00946903508156538,
          0.03197512775659561,
          0.01122416090220213,
          0.029569394886493683,
          0.053828559815883636,
          0.03704798221588135,
          "..."
        ],
        "skill_count": 5,
        "salts_used": [
          "intensely_driven",
          "unconsciously_connected",
          "rhythmically_explosive",
          "tormentedly_brilliant",
          "physically_painting",
          "Unconscious expression",
          "Pure abstraction",
          "Movement as content",
          "American innovation",
          "Artistic truth",
          "drip_painting",
          "action_painting",
          "unconscious_channeling",
          "rhythmic_abstraction",
          "color_theory"
        ],
        "descriptor_strategy": "focused",