{
  "name": "Jane Bennet",
  "source_file": "jane_bennet.json",
  "processed_at": "2026-01-09T05:37:19.613044",
  "run_count": 3,
  "strategy": "hybrid",
  "knowledge_builder": {
    "runs": 3,
    "embeddings": [
      {
        "run": 1,
        "dimensions": 1024,
        "embedding": [
          0.012269384227693081,
          0.05110151320695877,
          0.0400020107626915,
          0.010763916186988354,
          0.015493395738303661,
          0.016528740525245667,
          0.014702700078487396,
          0.012778651900589466,
          0.016954969614744186,
          0.02612442709505558,
          "..."
        ],
        "has_collected_knowledge": false,
        "descriptor_strategy": "focused",
        "descriptors": [
          "Seeing the best in others",
          "Emotional composure and grace",
          "Maintaining optimism in adversity"
        ],
        "duration_sec": 0.117,
        "error": null
      },
      {
        "run": 2,
        "dimensions": 1024,
        "embedding": [
          0.03490104898810387,
          0.015755152329802513,
          0.04300256073474884,
          0.03759964182972908,
          0.037648189812898636,
          0.0037082284688949585,
          0.04817640781402588,
          0.03825778514146805,
          0.026963170617818832,
          0.05016494542360306,
          "..."
        ],
        "has_collected_knowledge": false,
        "descriptor_strategy": "diverse",
        "descriptors": [
          "Seeing the best in others",
          "Emotional composure and grace",
          "Maintaining optimism in adversity"
        ],
        "duration_sec": 0.114,
        "error": null
      },
      {
        "run": 3,
        "dimensions": 1024,
        "embedding": [
          0.03273061290383339,
          0.00379333458840847,
          0.004419442266225815,
          0.022197363898158073,
          0.03975774347782135,
          0.044476889073848724,
          0.03053092770278454,
          0.04964052885770798,
          0.044853053987026215,
          0.04460054636001587,
          "..."
        ],
        "has_collected_knowledge": false,
        "descriptor_strategy": "focused",
        "descriptors": [
          "Seeing the best in others",
          "Emotional composure and grace",
          "Maintaining optimism in adversity"
        ],
        "duration_sec": 0.118,
        "error": null
      }
    ]
  },
  "skill_builder": {
    "runs": 3,
    "embeddings": [
      {
        "run": 1,
        "dimensions": 1024,
        "embedding": [
          0.010526140220463276,
          0.04061373695731163,
          0.008900207467377186,
          0.02467392198741436,
          0.027628349140286446,
          0.008172317408025265,
          0.03626924380660057,
          0.04483751207590103,
          0.002126609440892935,
          0.001194890239275992,
          "..."
        ],
        "skill_count": 3,
        "salts_used": [
          "Seeing the best in others",
          "Emotional composure and grace",
          "Maintaining optimism in adversity"
        ],
        "descriptor_strategy": "focused",
        "descriptors": [
          "Seeing the best in others",
          "Emotional composure and grace",
          "Maintaining optimism in adversity"
        ],
        "duration_sec": 0.467,
        "error": null
      },
      {
        "run": 2,
        "dimensions": 1024,
        "embedding": [
          0.013335674069821835,
          0.0370873361825943,
          0.04604697227478027,
          0.015378404408693314,
          0.02719300240278244,
          0.011123446747660637,
          0.017894815653562546,
          0.054209910333156586,
          0.0010359209263697267,
          0.0532359704375267,
          "..."
        ],
        "skill_count": 3,
        "salts_used": [
          "Seeing the best in others",
          "Emotional composure and grace",
          "Maintaining optimism in adversity"
        ],
        "descriptor_strategy": "diverse",
        "descriptors": [
          "Seeing the best in others",
          "Emotional composure and grace",
          "Maintaining optimism in adversity"
        ],
        "duration_sec": 0.466,
        "error": null
      },
      {
        "run": 3,
        "dimensions": 1024,
        "embedding": [
          0.04918321222066879,
          0.04482308775186539,
          0.01680249720811844,
          0.046324945986270905,
          0.015038860030472279,
          0.04183090850710869,
          0.036895692348480225,
          0.004433895461261272,
          0.038224734365940094,
          0.00556647265329957,
          "..."
        ],
        "skill_count": 3,
        "salts_used": [
          "Seeing the best in others",
          "Emotional composure and grace",
          "Maintaining optimism in adversity"
        ],
        "descriptor_strategy": "focused",
        "descriptors": [
          "Seeing the best in others",
          "Emotional composure and grace",
          "Maintaining optimism in adversity"
        ],
        "duration_sec": 0.452,
        "error": null
      }
    ]
  }
}