{
  "name": "Jo March",
  "source_file": "jo_march.json",
  "processed_at": "2026-01-09T05:37:21.423477",
  "run_count": 3,
  "strategy": "hybrid",
  "knowledge_builder": {
    "runs": 3,
    "embeddings": [
      {
        "run": 1,
        "dimensions": 1024,
        "embedding": [
          0.030938606709241867,
          0.012700949795544147,
          0.04405076056718826,
          0.042588867247104645,
          0.039396557956933975,
          0.030437838286161423,
          0.011817866005003452,
          0.009825973771512508,
          0.02488500252366066,
          0.03782762214541435,
          "..."
        ],
        "has_collected_knowledge": false,
        "descriptor_strategy": "focused",
        "descriptors": [
          "fiercely_independent",
          "creatively_ambitious",
          "temperamentally_passionate",
          "family_devoted",
          "convention_defying"
        ],
        "duration_sec": 0.114,
        "error": null
      },
      {
        "run": 2,
        "dimensions": 1024,
        "embedding": [
          0.0015620875637978315,
          0.001321869669482112,
          0.02359948866069317,
          0.014490608125925064,
          0.03922093287110329,
          0.02324640564620495,
          0.001761615159921348,
          0.005433162208646536,
          0.047676026821136475,
          0.03966186195611954,
          "..."
        ],
        "has_collected_knowledge": false,
        "descriptor_strategy": "diverse",
        "descriptors": [
          "fiercely_independent",
          "Writes in the attic",
          "I want to do something splendid before I go into my castle.",
          "creatively_ambitious",
          "Burns manuscripts when angry",
          "I'd rather be a free spinster and paddle my own canoe.",
          "temperamentally_passionate",
          "Acts out all characters",
          "I can't get over my disappointment in not being a boy.",
          "family_devoted",
          "Refuses proposals",
          "I want to be great, or nothing."
        ],
        "duration_sec": 0.112,
        "error": null
      },
      {
        "run": 3,
        "dimensions": 1024,
        "embedding": [
          0.0357929989695549,
          0.041156236082315445,
          0.05331823602318764,
          0.0446552075445652,
          0.0011950863990932703,
          0.03735794872045517,
          0.014200100675225258,
          0.033285073935985565,
          0.04761198163032532,
          0.04771053045988083,
          "..."
        ],
        "has_collected_knowledge": false,
        "descriptor_strategy": "focused",
        "descriptors": [
          "fiercely_independent",
          "creatively_ambitious",
          "temperamentally_passionate",
          "family_devoted",
          "convention_defying",
          "Writes in the attic",
          "I want to do something splendid before I go into my castle.",
          "Burns manuscripts when angry"
        ],
        "duration_sec": 0.115,
        "error": null
      }
    ]
  },
  "skill_builder": {
    "runs": 3,
    "embeddings": [
      {
        "run": 1,
        "dimensions": 1024,
        "embedding": [
          0.03300778940320015,
          0.04958036169409752,
          0.045331984758377075,
          0.009801512584090233,
          0.05181346833705902,
          0.054334670305252075,
          0.015045376494526863,
          0.04276382178068161,
          0.03632386028766632,
          0.025040825828909874,
          "..."
        ],
        "skill_count": 5,
        "salts_used": [
          "fiercely_independent",
          "creatively_ambitious",
          "temperamentally_passionate",
          "family_devoted",
          "convention_defying"
        ],
        "descriptor_strategy": "focused",
        "descriptors": [
          "fiercely_independent",
          "creatively_ambitious",
          "temperamentally_passionate",
          "family_devoted",
          "convention_defying"
        ],
        "duration_sec": 0.938,
        "error": null
      },
      {
        "run": 2,
        "dimensions": 1024,
        "embedding": [
          0.005496767349541187,
          0.04069666191935539,
          0.018856365233659744,
          0.01563073694705963,
          0.016409700736403465,
          0.053258512169122696,
          0.031373485922813416,
          0.012638340704143047,
          0.028910718858242035,
          0.037920791655778885,
          "..."
        ],
        "skill_count": 5,
        "salts_used": [
          "fiercely_independent",
          "Writes in the attic",
          "I want to do something splendid before I go into my castle.",
          "creatively_ambitious",
          "Burns manuscripts when angry",
          "I'd rather be a free spinster and paddle my own canoe.",
          "temperamentally_passionate",
          "Acts out all characters",
          "I can't get over my disappointment in not being a boy.",
          "family_devoted",
          "Refuses proposals",
          "I want to be great, or nothing."
        ],
        "descriptor_strategy": "diverse",
        "descriptors": [
          "fiercely_independent",
          "Writes in the attic",
          "I want to do something splendid before I go into my castle.",
          "creatively_ambitious",
          "Burns manuscripts when angry",
          "I'd rather be a free spinster and paddle my own canoe.",
          "temperamentally_passionate",
          "Acts out all characters",
          "I can't get over my disappointment in not being a boy.",
          "family_devoted",
          "Refuses proposals",
          "I want to be great, or nothing."
        ],
        "duration_sec": 0.699,
        "error": null
      },
      {
        "run": 3,
        "dimensions": 1024,
        "embedding": [
          0.0065944604575634,
          0.019047928974032402,
          0.049432821571826935,
          0.005716502200812101,
          0.049111492931842804,
          0.04040646180510521,
          0.03078477643430233,
          0.0024552445393055677,
          0.028100570663809776,
          0.050202690064907074,
          "..."
        ],
        "skill_count": 5,
        "salts_used": [
          "fiercely_independent",
          "creatively_ambitious",
          "temperamentally_passionate",
          "family_devoted",
          "convention_defying",
          "Writes in the attic",
          "I want to do something splendid before I go into my castle.",
          "Burns manuscripts when angry"
        ],
        "descriptor_strategy": "focused",
        "descriptors": [
          "fiercely_independent",
          "creatively_ambitious",
          "temperamentally_passionate",
          "family_devoted",
          "convention_defying",
          "Writes in the attic",
          "I want to do something splendid before I go into my castle.",
          "Burns manuscripts when angry"
        ],
        "duration_sec": 0.695,
        "error": null
      }
    ]
  }
}