{
  "name": "Joel Spolsky",
  "source_file": "joel_spolsky.json",
  "processed_at": "2026-01-09T05:37:24.177294",
  "run_count": 3,
  "strategy": "hybrid",
  "knowledge_builder": {
    "runs": 3,
    "embeddings": [
      {
        "run": 1,
        "dimensions": 1024,
        "embedding": [
          0.02806966006755829,
          0.03901908919215202,
          0.000748592836316675,
          0.01957029476761818,
          0.023075683042407036,
          0.049631424248218536,
          0.0206640362739563,
          0.016344673931598663,
          0.013938631862401962,
          0.004888011608272791,
          "..."
        ],
        "has_collected_knowledge": false,
        "descriptor_strategy": "focused",
        "descriptors": [],
        "duration_sec": 0.122,
        "error": null
      },
      {
        "run": 2,
        "dimensions": 1024,
        "embedding": [
          0.01410894189029932,
          0.02861122041940689,
          0.005107503850013018,
          0.0003166862006764859,
          0.013476068153977394,
          0.037459827959537506,
          0.04775552451610565,
          0.050258804112672806,
          0.0233630258589983,
          0.015441286377608776,
          "..."
        ],
        "has_collected_knowledge": false,
        "descriptor_strategy": "diverse",
        "descriptors": [],
        "duration_sec": 0.114,
        "error": null
      },
      {
        "run": 3,
        "dimensions": 1024,
        "embedding": [
          0.006727100815623999,
          0.0021850683260709047,
          0.03246225416660309,
          0.03940165415406227,
          0.004424405749887228,
          0.002167000202462077,
          0.04682423174381256,
          0.024077551439404488,
          0.03705843165516853,
          0.018438182771205902,
          "..."
        ],
        "has_collected_knowledge": false,
        "descriptor_strategy": "focused",
        "descriptors": [],
        "duration_sec": 0.111,
        "error": null
      }
    ]
  },
  "skill_builder": {
    "runs": 3,
    "embeddings": [
      {
        "run": 1,
        "dimensions": 1024,
        "embedding": [
          0.04426004737615585,
          0.037158068269491196,
          0.028170311823487282,
          0.0012098400620743632,
          0.03975142538547516,
          0.031034471467137337,
          0.015835287049412727,
          0.0032436461187899113,
          0.037011418491601944,
          0.04155547171831131,
          "..."
        ],
        "skill_count": 0,
        "salts_used": [],
        "descriptor_strategy": "focused",
        "descriptors": [],
        "duration_sec": 0.112,
        "error": null
      },
      {
        "run": 2,
        "dimensions": 1024,
        "embedding": [
          0.04586901143193245,
          0.04817923158407211,
          0.02584829367697239,
          0.015934322029352188,
          0.052230238914489746,
          0.01972818560898304,
          0.05164735019207001,
          0.01607203483581543,
          0.023793842643499374,
          0.0533074326813221,
          "..."
        ],
        "skill_count": 0,
        "salts_used": [],
        "descriptor_strategy": "diverse",
        "descriptors": [],
        "duration_sec": 0.123,
        "error": null
      },
      {
        "run": 3,
        "dimensions": 1024,
        "embedding": [
          0.032283492386341095,
          0.05293138325214386,
          0.043995000422000885,
          0.04071995988488197,
          0.03276194632053375,
          0.012141571380198002,
          0.0482364222407341,
          0.002841509412974119,
          0.05280366167426109,
          0.03403564170002937,
          "..."
        ],
        "skill_count": 0,
        "salts_used": [],
        "descriptor_strategy": "focused",
        "descriptors": [],
        "duration_sec": 0.113,
        "error": null
      }
    ]
  }
}