{
  "name": "Lea Verou",
  "source_file": "lea_verou.json",
  "processed_at": "2026-01-09T05:37:26.567599",
  "run_count": 3,
  "strategy": "hybrid",
  "knowledge_builder": {
    "runs": 3,
    "embeddings": [
      {
        "run": 1,
        "dimensions": 1024,
        "embedding": [
          0.011036695912480354,
          0.038758814334869385,
          0.03583198040723801,
          0.000602896383497864,
          0.04481158033013344,
          0.009934680536389351,
          0.03779909387230873,
          0.03798745200037956,
          0.009580382145941257,
          0.030836015939712524,
          "..."
        ],
        "has_collected_knowledge": false,
        "descriptor_strategy": "focused",
        "descriptors": [
          "Web Standards",
          "CSS",
          "JavaScript"
        ],
        "duration_sec": 0.112,
        "error": null
      },
      {
        "run": 2,
        "dimensions": 1024,
        "embedding": [
          0.017238864675164223,
          0.027456795796751976,
          0.014005213044583797,
          0.04142311215400696,
          0.02316018007695675,
          0.023362306877970695,
          0.042055875062942505,
          0.0004893688019365072,
          0.0004281128931324929,
          0.04599660634994507,
          "..."
        ],
        "has_collected_knowledge": false,
        "descriptor_strategy": "diverse",
        "descriptors": [
          "Web Standards",
          "CSS",
          "JavaScript"
        ],
        "duration_sec": 0.114,
        "error": null
      },
      {
        "run": 3,
        "dimensions": 1024,
        "embedding": [
          0.018137192353606224,
          0.014962248504161835,
          0.04328950494527817,
          0.0437827929854393,
          0.017660465091466904,
          0.04753100872039795,
          0.038584981113672256,
          0.010703406296670437,
          0.03471500426530838,
          0.03452518954873085,
          "..."
        ],
        "has_collected_knowledge": false,
        "descriptor_strategy": "focused",
        "descriptors": [
          "Web Standards",
          "CSS",
          "JavaScript"
        ],
        "duration_sec": 0.111,
        "error": null
      }
    ]
  },
  "skill_builder": {
    "runs": 3,
    "embeddings": [
      {
        "run": 1,
        "dimensions": 1024,
        "embedding": [
          0.009006825275719166,
          0.03209097683429718,
          0.015479063615202904,
          0.003476787591353059,
          0.03446624055504799,
          0.020570816472172737,
          0.011565838009119034,
          0.045657865703105927,
          0.01311627496033907,
          0.026295723393559456,
          "..."
        ],
        "skill_count": 3,
        "salts_used": [
          "Web Standards",
          "CSS",
          "JavaScript"
        ],
        "descriptor_strategy": "focused",
        "descriptors": [
          "Web Standards",
          "CSS",
          "JavaScript"
        ],
        "duration_sec": 0.468,
        "error": null
      },
      {
        "run": 2,
        "dimensions": 1024,
        "embedding": [
          0.028057580813765526,
          0.04706277325749397,
          0.04541996493935585,
          0.007108328863978386,
          0.0251887496560812,
          0.05331795662641525,
          0.005105453077703714,
          0.018438711762428284,
          0.013010886497795582,
          0.013350610621273518,
          "..."
        ],
        "skill_count": 3,
        "salts_used": [
          "Web Standards",
          "CSS",
          "JavaScript"
        ],
        "descriptor_strategy": "diverse",
        "descriptors": [
          "Web Standards",
          "CSS",
          "JavaScript"
        ],
        "duration_sec": 0.453,
        "error": null
      },
      {
        "run": 3,
        "dimensions": 1024,
        "embedding": [
          0.053906552493572235,
          0.0011789846466854215,
          0.04309164360165596,
          0.027096038684248924,
          0.03679084777832031,
          0.0002515841042622924,
          0.012575848959386349,
          0.03885127604007721,
          0.0007439084001816809,
          0.02505612187087536,
          "..."
        ],
        "skill_count": 3,
        "salts_used": [
          "Web Standards",
          "CSS",
          "JavaScript"
        ],
        "descriptor_strategy": "focused",
        "descriptors": [
          "Web Standards",
          "CSS",
          "JavaScript"
        ],
        "duration_sec": 0.457,
        "error": null
      }
    ]
  }
}