{
  "name": "Orlando (Young Male)",
  "source_file": "orlando_young.json",
  "processed_at": "2026-01-09T05:37:45.924494",
  "run_count": 3,
  "strategy": "hybrid",
  "knowledge_builder": {
    "runs": 3,
    "embeddings": [
      {
        "run": 1,
        "dimensions": 1024,
        "embedding": [
          0.032910313457250595,
          0.04851415380835533,
          0.041537825018167496,
          0.0035735091660171747,
          0.027347862720489502,
          0.01142878271639347,
          0.015788136050105095,
          0.036150012165308,
          0.0320834144949913,
          0.04621400684118271,
          "..."
        ],
        "has_collected_knowledge": false,
        "descriptor_strategy": "focused",
        "descriptors": [
          "romantically_passionate",
          "poetically_obsessed",
          "nobly_naive",
          "beauty_seeking",
          "immortally_curious",
          "Beauty above all",
          "Poetry as truth",
          "Love as transformation",
          "Nature as inspiration",
          "Honor and nobility",
          "poetry_writing",
          "aesthetic_perception",
          "romantic_intensity",
          "temporal_awareness",
          "courtly_skills"
        ],
        "duration_sec": 0.115,
        "error": null
      },
      {
        "run": 2,
        "dimensions": 1024,
        "embedding": [
          0.04165076091885567,
          0.016320738941431046,
          0.015493642538785934,
          0.03492114692926407,
          0.01816478557884693,
          0.020934641361236572,
          0.05063222721219063,
          0.02929813414812088,
          0.04550210386514664,
          0.0331629253923893,
          "..."
        ],
        "has_collected_knowledge": false,
        "descriptor_strategy": "diverse",
        "descriptors": [
          "romantically_passionate",
          "Beauty above all",
          "poetry_writing",
          "courtly_skills",
          "Writes poetry constantly",
          "Life and lovers have taught me thus.",
          "poetically_obsessed",
          "Poetry as truth",
          "aesthetic_perception",
          "nature_observation",
          "Falls in love instantly and completely",
          "The flower bloomed and faded. The sun rose and sank.",
          "nobly_naive"
        ],
        "duration_sec": 0.121,
        "error": null
      },
      {
        "run": 3,
        "dimensions": 1024,
        "embedding": [
          0.005368389654904604,
          0.02799862064421177,
          0.0031894880812615156,
          0.05073914676904678,
          0.043272100389003754,
          0.05138241872191429,
          0.006246011238545179,
          0.02187574841082096,
          0.04179633781313896,
          0.003321623196825385,
          "..."
        ],
        "has_collected_knowledge": false,
        "descriptor_strategy": "focused",
        "descriptors": [
          "romantically_passionate",
          "poetically_obsessed",
          "nobly_naive",
          "beauty_seeking",
          "immortally_curious",
          "Beauty above all",
          "Poetry as truth",
          "Love as transformation",
          "Nature as inspiration",
          "Honor and nobility",
          "poetry_writing",
          "aesthetic_perception",
          "romantic_intensity",
          "temporal_awareness",
          "courtly_skills"
        ],
        "duration_sec": 0.117,
        "error": null
      }
    ]
  },
  "skill_builder": {
    "runs": 3,
    "embeddings": [
      {
        "run": 1,
        "dimensions": 1024,
        "embedding": [
          0.024813465774059296,
          0.03132055699825287,
          0.014866243116557598,
          0.04500963166356087,
          0.0212862528860569,
          0.015598823316395283,
          0.019257089123129845,
          0.0005251347320154309,
          0.03595628961920738,
          0.04864578694105148,
          "..."
        ],
        "skill_count": 5,
        "salts_used": [
          "romantically_passionate",
          "poetically_obsessed",
          "nobly_naive",
          "beauty_seeking",
          "immortally_curious",
          "Beauty above all",
          "Poetry as truth",
          "Love as transformation",
          "Nature as inspiration",
          "Honor and nobility",
          "poetry_writing",
          "aesthetic_perception",
          "romantic_intensity",
          "temporal_awareness",
          "courtly_skills"
        ],
        "descriptor_strategy": "focused",
        "descriptors": [
          "romantically_passionate",
          "poetically_obsessed",
          "nobly_naive",
          "beauty_seeking",
          "immortally_curious",
          "Beauty above all",
          "Poetry as truth",
          "Love as transformation",
          "Nature as inspiration",
          "Honor and nobility",
          "poetry_writing",
          "aesthetic_perception",
          "romantic_intensity",
          "temporal_awareness",
          "courtly_skills"
        ],
        "duration_sec": 0.697,
        "error": null
      },
      {
        "run": 2,
        "dimensions": 1024,
        "embedding": [
          0.04846853017807007,
          0.01905396208167076,
          0.03348029404878616,
          0.014925219118595123,
          0.05063745379447937,
          8.177438576240093e-05,
          0.04203231260180473,
          0.002284172223880887,
          0.05122493579983711,
          0.0017340702470391989,
          "..."
        ],
        "skill_count": 5,
        "salts_used": [
          "romantically_passionate",
          "Beauty above all",
          "poetry_writing",
          "courtly_skills",
          "Writes poetry constantly",
          "Life and lovers have taught me thus.",
          "poetically_obsessed",
          "Poetry as truth",
          "aesthetic_perception",
          "nature_observation",
          "Falls in love instantly and completely",
          "The flower bloomed and faded. The sun rose and sank.",
          "nobly_naive"
        ],
        "descriptor_strategy": "diverse",
        "descriptors": [
          "romantically_passionate",
          "Beauty above all",
          "poetry_writing",
          "courtly_skills",
          "Writes poetry constantly",
          "Life and lovers have taught me thus.",
          "poetically_obsessed",
          "Poetry as truth",
          "aesthetic_perception",
          "nature_observation",
          "Falls in love instantly and completely",
          "The flower bloomed and faded. The sun rose and sank.",
          "nobly_naive"
        ],
        "duration_sec": 0.712,
        "error": null
      },
      {
        "run": 3,
        "dimensions": 1024,
        "embedding": [
          0.03951457515358925,
          0.04863083362579346,
          0.036404985934495926,
          0.034326743334531784,
          0.049358125776052475,
          0.04012598097324371,
          0.02235860377550125,
          0.01941743865609169,
          0.02279483526945114,
          0.014172830618917942,
          "..."
        ],
        "skill_count": 5,
        "salts_used": [
          "romantically_passionate",
          "poetically_obsessed",
          "nobly_naive",
          "beauty_seeking",
          "immortally_curious",
          "Beauty above all",
          "Poetry as truth",
          "Love as transformation",
          "Nature as inspiration",
          "Honor and nobility",
          "poetry_writing",
          "aesthetic_perception",
          "romantic_intensity",
          "temporal_awareness",
          "courtly_skills"
        ],
        "descriptor_strategy": "focused",