{
  "name": "Pierre Bezukhov",
  "source_file": "pierre_bezukhov.json",
  "processed_at": "2026-01-09T05:37:50.246415",
  "run_count": 3,
  "strategy": "hybrid",
  "knowledge_builder": {
    "runs": 3,
    "embeddings": [
      {
        "run": 1,
        "dimensions": 1024,
        "embedding": [
          0.03656940162181854,
          0.0432693250477314,
          0.03993280604481697,
          0.010123585350811481,
          0.05364080145955086,
          0.00881457794457674,
          0.041804105043411255,
          0.021637646481394768,
          0.009144910611212254,
          0.02597726322710514,
          "..."
        ],
        "has_collected_knowledge": false,
        "descriptor_strategy": "focused",
        "descriptors": [
          "Philosophical inquiry and questioning",
          "Spiritual seeking and growth",
          "Empathy and human connection"
        ],
        "duration_sec": 0.117,
        "error": null
      },
      {
        "run": 2,
        "dimensions": 1024,
        "embedding": [
          0.0010009314864873886,
          0.034065984189510345,
          0.0428764782845974,
          0.002870810218155384,
          0.007594873197376728,
          0.005347361322492361,
          0.005060807801783085,
          0.03190889582037926,
          0.007565692532807589,
          0.05190417170524597,
          "..."
        ],
        "has_collected_knowledge": false,
        "descriptor_strategy": "diverse",
        "descriptors": [
          "Philosophical inquiry and questioning",
          "Spiritual seeking and growth",
          "Empathy and human connection"
        ],
        "duration_sec": 0.113,
        "error": null
      },
      {
        "run": 3,
        "dimensions": 1024,
        "embedding": [
          0.031281016767024994,
          0.03213728964328766,
          0.05057069659233093,
          0.04949069395661354,
          0.02507842890918255,
          0.014759188517928123,
          0.027262739837169647,
          0.02475745789706707,
          0.01248608622699976,
          0.00026633928064256907,
          "..."
        ],
        "has_collected_knowledge": false,
        "descriptor_strategy": "focused",
        "descriptors": [
          "Philosophical inquiry and questioning",
          "Spiritual seeking and growth",
          "Empathy and human connection"
        ],
        "duration_sec": 0.11,
        "error": null
      }
    ]
  },
  "skill_builder": {
    "runs": 3,
    "embeddings": [
      {
        "run": 1,
        "dimensions": 1024,
        "embedding": [
          0.02683536894619465,
          0.018216338008642197,
          0.015199091285467148,
          0.002192422281950712,
          0.02502512000501156,
          0.02683919481933117,
          0.02660566195845604,
          0.03553605079650879,
          0.0240329559892416,
          0.0035863930825144053,
          "..."
        ],
        "skill_count": 3,
        "salts_used": [
          "Philosophical inquiry and questioning",
          "Spiritual seeking and growth",
          "Empathy and human connection"
        ],
        "descriptor_strategy": "focused",
        "descriptors": [
          "Philosophical inquiry and questioning",
          "Spiritual seeking and growth",
          "Empathy and human connection"
        ],
        "duration_sec": 0.736,
        "error": null
      },
      {
        "run": 2,
        "dimensions": 1024,
        "embedding": [
          0.019986338913440704,
          0.019747670739889145,
          0.0011639004806056619,
          0.0298964511603117,
          0.01495470479130745,
          0.019928783178329468,
          0.013070721179246902,
          0.040762025862932205,
          0.04900190234184265,
          0.0037315262015908957,
          "..."
        ],
        "skill_count": 3,
        "salts_used": [
          "Philosophical inquiry and questioning",
          "Spiritual seeking and growth",
          "Empathy and human connection"
        ],
        "descriptor_strategy": "diverse",
        "descriptors": [
          "Philosophical inquiry and questioning",
          "Spiritual seeking and growth",
          "Empathy and human connection"
        ],
        "duration_sec": 0.479,
        "error": null
      },
      {
        "run": 3,
        "dimensions": 1024,
        "embedding": [
          0.044702719897031784,
          0.019135277718305588,
          0.036745425313711166,
          0.023250384256243706,
          0.03938068076968193,
          0.024573924019932747,
          0.03929219767451286,
          0.03690414875745773,
          0.0289998147636652,
          0.0020023598335683346,
          "..."
        ],
        "skill_count": 3,
        "salts_used": [
          "Philosophical inquiry and questioning",
          "Spiritual seeking and growth",
          "Empathy and human connection"
        ],
        "descriptor_strategy": "focused",
        "descriptors": [
          "Philosophical inquiry and questioning",
          "Spiritual seeking and growth",
          "Empathy and human connection"
        ],
        "duration_sec": 0.462,
        "error": null
      }
    ]
  }
}