{
  "name": "Roy Kent",
  "source_file": "roy_kent.json",
  "processed_at": "2026-01-09T05:37:53.968680",
  "run_count": 3,
  "strategy": "hybrid",
  "knowledge_builder": {
    "runs": 3,
    "embeddings": [
      {
        "run": 1,
        "dimensions": 1024,
        "embedding": [
          0.024349737912416458,
          0.030168447643518448,
          0.030941901728510857,
          0.0346313938498497,
          0.03967629745602608,
          0.04461061581969261,
          0.044227104634046555,
          0.023591740056872368,
          0.029931508004665375,
          0.03017512895166874,
          "..."
        ],
        "has_collected_knowledge": false,
        "descriptor_strategy": "focused",
        "descriptors": [],
        "duration_sec": 0.115,
        "error": null
      },
      {
        "run": 2,
        "dimensions": 1024,
        "embedding": [
          0.0076656159944832325,
          0.03020278364419937,
          0.05067070946097374,
          0.031016269698739052,
          0.03864521533250809,
          0.02667992189526558,
          0.005994319915771484,
          0.016132932156324387,
          0.051562435925006866,
          0.04451032355427742,
          "..."
        ],
        "has_collected_knowledge": false,
        "descriptor_strategy": "diverse",
        "descriptors": [
          "Fuck!",
          "Oi!",
          "He's here, he's there, he's every-fucking-where!",
          "I'm not a role model."
        ],
        "duration_sec": 0.127,
        "error": null
      },
      {
        "run": 3,
        "dimensions": 1024,
        "embedding": [
          0.005125062074512243,
          0.02798308990895748,
          0.03134482353925705,
          0.029060110449790955,
          0.003586851293221116,
          0.02683323249220848,
          0.05250230431556702,
          0.016864068806171417,
          0.03384476527571678,
          0.027182087302207947,
          "..."
        ],
        "has_collected_knowledge": false,
        "descriptor_strategy": "focused",
        "descriptors": [
          "Fuck!",
          "Oi!",
          "He's here, he's there, he's every-fucking-where!",
          "I'm not a role model."
        ],
        "duration_sec": 0.133,
        "error": null
      }
    ]
  },
  "skill_builder": {
    "runs": 3,
    "embeddings": [
      {
        "run": 1,
        "dimensions": 1024,
        "embedding": [
          0.038860827684402466,
          0.03458009287714958,
          0.006711927242577076,
          0.03893526270985603,
          0.007137781474739313,
          0.020350726321339607,
          0.04689263552427292,
          0.024112306535243988,
          0.018066609278321266,
          0.03131401166319847,
          "..."
        ],
        "skill_count": 0,
        "salts_used": [],
        "descriptor_strategy": "focused",
        "descriptors": [],
        "duration_sec": 0.121,
        "error": null
      },
      {
        "run": 2,
        "dimensions": 1024,
        "embedding": [
          0.006443401798605919,
          0.011278485879302025,
          0.023192107677459717,
          0.03396705538034439,
          0.03638850897550583,
          0.005197629332542419,
          0.04991158843040466,
          0.012361602857708931,
          0.0212835893034935,
          0.024803154170513153,
          "..."
        ],
        "skill_count": 4,
        "salts_used": [
          "Fuck!",
          "Oi!",
          "He's here, he's there, he's every-fucking-where!",
          "I'm not a role model."
        ],
        "descriptor_strategy": "diverse",
        "descriptors": [
          "Fuck!",
          "Oi!",
          "He's here, he's there, he's every-fucking-where!",
          "I'm not a role model."
        ],
        "duration_sec": 0.601,
        "error": null
      },
      {
        "run": 3,
        "dimensions": 1024,
        "embedding": [
          0.024288224056363106,
          0.02590116672217846,
          0.004304838832467794,
          0.04047829657793045,
          0.03826165199279785,
          0.034054022282361984,
          0.007698031608015299,
          0.00384917831979692,
          0.0538555346429348,
          0.013353507034480572,
          "..."
        ],
        "skill_count": 4,
        "salts_used": [
          "Fuck!",
          "Oi!",
          "He's here, he's there, he's every-fucking-where!",
          "I'm not a role model."
        ],
        "descriptor_strategy": "focused",
        "descriptors": [
          "Fuck!",
          "Oi!",
          "He's here, he's there, he's every-fucking-where!",
          "I'm not a role model."
        ],
        "duration_sec": 0.576,
        "error": null
      }
    ]
  }
}