{
  "name": "Steve Yegge",
  "source_file": "steve_yegge.json",
  "processed_at": "2026-01-09T05:37:58.310858",
  "run_count": 3,
  "strategy": "hybrid",
  "knowledge_builder": {
    "runs": 3,
    "embeddings": [
      {
        "run": 1,
        "dimensions": 1024,
        "embedding": [
          0.021444642916321754,
          0.027102837339043617,
          0.03054995834827423,
          0.0478307269513607,
          0.017631299793720245,
          0.032391294836997986,
          0.031192826107144356,
          0.04251718893647194,
          0.03670133650302887,
          0.01661255583167076,
          "..."
        ],
        "has_collected_knowledge": false,
        "descriptor_strategy": "focused",
        "descriptors": [
          "Large-scale software systems",
          "Programming languages and compilers",
          "Developer productivity"
        ],
        "duration_sec": 0.114,
        "error": null
      },
      {
        "run": 2,
        "dimensions": 1024,
        "embedding": [
          0.025246556848287582,
          0.031958386301994324,
          0.019831210374832153,
          0.039844874292612076,
          0.0006023815367370844,
          0.03931369259953499,
          0.0098366504535079,
          0.05022357031702995,
          0.007118340581655502,
          0.021970385685563087,
          "..."
        ],
        "has_collected_knowledge": false,
        "descriptor_strategy": "diverse",
        "descriptors": [
          "Large-scale software systems",
          "Programming languages and compilers",
          "Developer productivity"
        ],
        "duration_sec": 0.117,
        "error": null
      },
      {
        "run": 3,
        "dimensions": 1024,
        "embedding": [
          0.007914906367659569,
          0.013104029931128025,
          0.01843445934355259,
          0.029711129143834114,
          0.05059537664055824,
          0.03625645861029625,
          0.013634529896080494,
          0.00811199564486742,
          0.033034373074769974,
          0.011729255318641663,
          "..."
        ],
        "has_collected_knowledge": false,
        "descriptor_strategy": "focused",
        "descriptors": [
          "Large-scale software systems",
          "Programming languages and compilers",
          "Developer productivity"
        ],
        "duration_sec": 0.122,
        "error": null
      }
    ]
  },
  "skill_builder": {
    "runs": 3,
    "embeddings": [
      {
        "run": 1,
        "dimensions": 1024,
        "embedding": [
          0.03291754052042961,
          0.048808496445417404,
          0.03583035618066788,
          0.027915481477975845,
          0.0009550980757921934,
          0.04575901851058006,
          0.04242781177163124,
          0.019443552941083908,
          0.009226487949490547,
          0.03431986644864082,
          "..."
        ],
        "skill_count": 3,
        "salts_used": [
          "Large-scale software systems",
          "Programming languages and compilers",
          "Developer productivity"
        ],
        "descriptor_strategy": "focused",
        "descriptors": [
          "Large-scale software systems",
          "Programming languages and compilers",
          "Developer productivity"
        ],
        "duration_sec": 0.448,
        "error": null
      },
      {
        "run": 2,
        "dimensions": 1024,
        "embedding": [
          0.00336797209456563,
          0.018831711262464523,
          0.016850274056196213,
          0.03967518359422684,
          0.04978375509381294,
          0.03275366872549057,
          0.030626164749264717,
          0.048704635351896286,
          0.04533783346414566,
          0.016766592860221863,
          "..."
        ],
        "skill_count": 3,
        "salts_used": [
          "Large-scale software systems",
          "Programming languages and compilers",
          "Developer productivity"
        ],
        "descriptor_strategy": "diverse",
        "descriptors": [
          "Large-scale software systems",
          "Programming languages and compilers",
          "Developer productivity"
        ],
        "duration_sec": 0.478,
        "error": null
      },
      {
        "run": 3,
        "dimensions": 1024,
        "embedding": [
          0.039555683732032776,
          0.02113601192831993,
          0.035183340311050415,
          0.006792956963181496,
          0.041888896375894547,
          0.05056111887097359,
          0.05313690006732941,
          0.03972072899341583,
          0.04862072691321373,
          0.010167306289076805,
          "..."
        ],
        "skill_count": 3,
        "salts_used": [
          "Large-scale software systems",
          "Programming languages and compilers",
          "Developer productivity"
        ],
        "descriptor_strategy": "focused",
        "descriptors": [
          "Large-scale software systems",
          "Programming languages and compilers",
          "Developer productivity"
        ],
        "duration_sec": 0.47,
        "error": null
      }
    ]
  }
}