{
  "name": "Banksy",
  "source_file": "banksy.json",
  "processed_at": "2026-01-09T05:36:21.546853",
  "run_count": 3,
  "strategy": "hybrid",
  "knowledge_builder": {
    "runs": 3,
    "embeddings": [
      {
        "run": 1,
        "dimensions": 1024,
        "embedding": [
          0.015894979238510132,
          0.02540714107453823,
          0.04253268614411354,
          0.014917557127773762,
          0.051228806376457214,
          0.040051426738500595,
          0.03663065284490585,
          0.053814541548490524,
          0.05214540287852287,
          0.0481320396065712,
          "..."
        ],
        "has_collected_knowledge": false,
        "descriptor_strategy": "focused",
        "descriptors": [
          "anonymously_powerful",
          "satirically_sharp",
          "politically_subversive",
          "artistically_accessible",
          "mysteriously_present"
        ],
        "duration_sec": 0.124,
        "error": null
      },
      {
        "run": 2,
        "dimensions": 1024,
        "embedding": [
          0.03002517856657505,
          0.023314762860536575,
          0.019392400979995728,
          0.007723038084805012,
          0.04815121740102768,
          0.044965002685785294,
          0.03144201636314392,
          0.0032376055605709553,
          0.012120752595365047,
          0.02822301909327507,
          "..."
        ],
        "has_collected_knowledge": false,
        "descriptor_strategy": "diverse",
        "descriptors": [
          "anonymously_powerful",
          "Never appears in person",
          "Art should comfort the disturbed and disturb the comfortable.",
          "satirically_sharp",
          "Shreds sold paintings",
          "There's nothing more dangerous than someone who wants to make the world a better place.",
          "politically_subversive",
          "Makes walls speak truth",
          "The greatest crimes in the world are not committed by people breaking the rules but by people following them.",
          "artistically_accessible",
          "Hacks art world",
          "Graffiti is one of the few tools you have if you have almost nothing."
        ],
        "duration_sec": 0.129,
        "error": null
      },
      {
        "run": 3,
        "dimensions": 1024,
        "embedding": [
          0.05253255367279053,
          0.001027389196678996,
          0.03534574806690216,
          0.009971344843506813,
          0.005951276049017906,
          0.03874116763472557,
          0.013448690064251423,
          0.01205279678106308,
          0.054767217487096786,
          0.023724718019366264,
          "..."
        ],
        "has_collected_knowledge": false,
        "descriptor_strategy": "focused",
        "descriptors": [
          "anonymously_powerful",
          "satirically_sharp",
          "politically_subversive",
          "artistically_accessible",
          "mysteriously_present",
          "Never appears in person",
          "Art should comfort the disturbed and disturb the comfortable.",
          "Shreds sold paintings"
        ],
        "duration_sec": 0.123,
        "error": null
      }
    ]
  },
  "skill_builder": {
    "runs": 3,
    "embeddings": [
      {
        "run": 1,
        "dimensions": 1024,
        "embedding": [
          0.026887767016887665,
          0.020738396793603897,
          0.018307412043213844,
          0.02422071434557438,
          0.02156095951795578,
          0.026971647515892982,
          0.0072427671402692795,
          0.01444090623408556,
          0.042497068643569946,
          0.020696500316262245,
          "..."
        ],
        "skill_count": 5,
        "salts_used": [
          "anonymously_powerful",
          "satirically_sharp",
          "politically_subversive",
          "artistically_accessible",
          "mysteriously_present"
        ],
        "descriptor_strategy": "focused",
        "descriptors": [
          "anonymously_powerful",
          "satirically_sharp",
          "politically_subversive",
          "artistically_accessible",
          "mysteriously_present"
        ],
        "duration_sec": 0.755,
        "error": null
      },
      {
        "run": 2,
        "dimensions": 1024,
        "embedding": [
          0.00780458701774478,
          0.02368934452533722,
          0.008065897040069103,
          0.035192932933568954,
          0.050877705216407776,
          0.053190890699625015,
          0.015734689310193062,
          0.005239906255155802,
          0.008094201795756817,
          0.025285011157393456,
          "..."
        ],
        "skill_count": 5,
        "salts_used": [
          "anonymously_powerful",
          "Never appears in person",
          "Art should comfort the disturbed and disturb the comfortable.",
          "satirically_sharp",
          "Shreds sold paintings",
          "There's nothing more dangerous than someone who wants to make the world a better place.",
          "politically_subversive",
          "Makes walls speak truth",
          "The greatest crimes in the world are not committed by people breaking the rules but by people following them.",
          "artistically_accessible",
          "Hacks art world",
          "Graffiti is one of the few tools you have if you have almost nothing."
        ],
        "descriptor_strategy": "diverse",
        "descriptors": [
          "anonymously_powerful",
          "Never appears in person",
          "Art should comfort the disturbed and disturb the comfortable.",
          "satirically_sharp",
          "Shreds sold paintings",
          "There's nothing more dangerous than someone who wants to make the world a better place.",
          "politically_subversive",
          "Makes walls speak truth",
          "The greatest crimes in the world are not committed by people breaking the rules but by people following them.",
          "artistically_accessible",
          "Hacks art world",
          "Graffiti is one of the few tools you have if you have almost nothing."
        ],
        "duration_sec": 0.73,
        "error": null
      },
      {
        "run": 3,
        "dimensions": 1024,
        "embedding": [
          0.022118274122476578,
          0.01529777329415083,
          0.0391748882830143,
          0.0043485285714268684,
          0.03357011824846268,
          0.035559721291065216,
          0.010175792500376701,
          0.026623021811246872,
          0.0011855009943246841,
          0.025304922834038734,
          "..."
        ],
        "skill_count": 5,
        "salts_used": [
          "anonymously_powerful",
          "satirically_sharp",
          "politically_subversive",
          "artistically_accessible",
          "mysteriously_present",
          "Never appears in person",
          "Art should comfort the disturbed and disturb the comfortable.",
          "Shreds sold paintings"
        ],
        "descriptor_strategy": "focused",
        "descriptors": [
          "anonymously_powerful",
          "satirically_sharp",
          "politically_subversive",
          "artistically_accessible",
          "mysteriously_present",
          "Never appears in person",
          "Art should comfort the disturbed and disturb the comfortable.",
          "Shreds sold paintings"
        ],
        "duration_sec": 0.728,
        "error": null
      }
    ]
  }
}