{
  "name": "Cal Naughton Jr.",
  "source_file": "cal_naughton_jr.json",
  "processed_at": "2026-01-09T05:36:32.622663",
  "run_count": 3,
  "strategy": "hybrid",
  "knowledge_builder": {
    "runs": 3,
    "embeddings": [
      {
        "run": 1,
        "dimensions": 1024,
        "embedding": [
          0.030859757214784622,
          0.005067180842161179,
          0.04081444814801216,
          0.012299790047109127,
          0.03313496708869934,
          0.014298091642558575,
          0.022961996495723724,
          0.028515473008155823,
          0.008503238670527935,
          0.029401730746030807,
          "..."
        ],
        "has_collected_knowledge": false,
        "descriptor_strategy": "focused",
        "descriptors": [
          "eternally_loyal",
          "happily_second",
          "childishly_enthusiastic",
          "unquestioningly_supportive",
          "simply_content",
          "Friendship above victory",
          "Team success",
          "Simple pleasures",
          "Loyalty without question",
          "Being needed"
        ],
        "duration_sec": 0.121,
        "error": null
      },
      {
        "run": 2,
        "dimensions": 1024,
        "embedding": [
          0.03126232326030731,
          0.033138301223516464,
          0.05092616379261017,
          0.04225470498204231,
          0.0014066818403080106,
          0.01090709213167429,
          0.041480280458927155,
          0.03840307891368866,
          0.03975703939795494,
          0.03591444715857506,
          "..."
        ],
        "has_collected_knowledge": false,
        "descriptor_strategy": "diverse",
        "descriptors": [
          "eternally_loyal",
          "Friendship above victory",
          "Always agrees with Ricky",
          "Shake and Bake!",
          "happily_second",
          "Team success",
          "Loves being number two",
          "That's my best friend!",
          "childishly_enthusiastic",
          "Simple pleasures",
          "Creates duo catchphrases",
          "I like to think of Jesus as..."
        ],
        "duration_sec": 0.118,
        "error": null
      },
      {
        "run": 3,
        "dimensions": 1024,
        "embedding": [
          0.04773533716797829,
          0.041033316403627396,
          0.046953435987234116,
          0.029222281649708748,
          0.03388530761003494,
          0.04812359809875488,
          0.019078614190220833,
          0.03507588431239128,
          0.003714958904311061,
          0.048441436141729355,
          "..."
        ],
        "has_collected_knowledge": false,
        "descriptor_strategy": "focused",
        "descriptors": [
          "eternally_loyal",
          "happily_second",
          "childishly_enthusiastic",
          "unquestioningly_supportive",
          "simply_content",
          "Friendship above victory",
          "Team success",
          "Simple pleasures",
          "Loyalty without question",
          "Being needed",
          "Always agrees with Ricky",
          "Shake and Bake!"
        ],
        "duration_sec": 0.127,
        "error": null
      }
    ]
  },
  "skill_builder": {
    "runs": 3,
    "embeddings": [
      {
        "run": 1,
        "dimensions": 1024,
        "embedding": [
          0.03547977656126022,
          0.009828559122979641,
          0.053930509835481644,
          0.014696311205625534,
          0.005043350625783205,
          0.04562539979815483,
          0.012975911609828472,
          0.005436762236058712,
          0.02437778189778328,
          0.008333989419043064,
          "..."
        ],
        "skill_count": 5,
        "salts_used": [
          "eternally_loyal",
          "happily_second",
          "childishly_enthusiastic",
          "unquestioningly_supportive",
          "simply_content",
          "Friendship above victory",
          "Team success",
          "Simple pleasures",
          "Loyalty without question",
          "Being needed"
        ],
        "descriptor_strategy": "focused",
        "descriptors": [
          "eternally_loyal",
          "happily_second",
          "childishly_enthusiastic",
          "unquestioningly_supportive",
          "simply_content",
          "Friendship above victory",
          "Team success",
          "Simple pleasures",
          "Loyalty without question",
          "Being needed"
        ],
        "duration_sec": 0.708,
        "error": null
      },
      {
        "run": 2,
        "dimensions": 1024,
        "embedding": [
          0.03771001473069191,
          0.021084584295749664,
          0.02465195022523403,
          0.01532513927668333,
          0.0012205274542793632,
          0.02894521877169609,
          0.02639808878302574,
          0.030491705983877182,
          0.028855113312602043,
          0.011609552428126335,
          "..."
        ],
        "skill_count": 5,
        "salts_used": [
          "eternally_loyal",
          "Friendship above victory",
          "Always agrees with Ricky",
          "Shake and Bake!",
          "happily_second",
          "Team success",
          "Loves being number two",
          "That's my best friend!",
          "childishly_enthusiastic",
          "Simple pleasures",
          "Creates duo catchphrases",
          "I like to think of Jesus as..."
        ],
        "descriptor_strategy": "diverse",
        "descriptors": [
          "eternally_loyal",
          "Friendship above victory",
          "Always agrees with Ricky",
          "Shake and Bake!",
          "happily_second",
          "Team success",
          "Loves being number two",
          "That's my best friend!",
          "childishly_enthusiastic",
          "Simple pleasures",
          "Creates duo catchphrases",
          "I like to think of Jesus as..."
        ],
        "duration_sec": 0.734,
        "error": null
      },
      {
        "run": 3,
        "dimensions": 1024,
        "embedding": [
          0.04414647817611694,
          0.05118926987051964,
          0.04531646519899368,
          0.009546193294227123,
          0.016149383038282394,
          0.00562456576153636,
          0.026231857016682625,
          0.011228207498788834,
          0.0016971875447779894,
          0.050328150391578674,
          "..."
        ],
        "skill_count": 5,
        "salts_used": [
          "eternally_loyal",
          "happily_second",
          "childishly_enthusiastic",
          "unquestioningly_supportive",
          "simply_content",
          "Friendship above victory",
          "Team success",
          "Simple pleasures",
          "Loyalty without question",
          "Being needed",
          "Always agrees with Ricky",
          "Shake and Bake!"
        ],
        "descriptor_strategy": "focused",
        "descriptors": [
          "eternally_loyal",
          "happily_second",
          "childishly_enthusiastic",
          "unquestioningly_supportive",
          "simply_content",
          "Friendship above victory",
          "Team success",
          "Simple pleasures",
          "Loyalty without question",
          "Being needed",
          "Always agrees with Ricky",
          "Shake and Bake!"
        ],
        "duration_sec": 0.707,
        "error": null
      }
    ]
  }
}