{
  "name": "Christopher Alexander",
  "source_file": "christopher_alexander.json",
  "processed_at": "2026-01-09T05:36:37.973940",
  "run_count": 3,
  "strategy": "hybrid",
  "knowledge_builder": {
    "runs": 3,
    "embeddings": [
      {
        "run": 1,
        "dimensions": 1024,
        "embedding": [
          0.030558178201317787,
          0.03669207915663719,
          0.0036998633295297623,
          0.01763765700161457,
          0.034534525126218796,
          0.0041261943988502026,
          0.05151021480560303,
          0.009395955130457878,
          0.03869902342557907,
          0.027639755979180336,
          "..."
        ],
        "has_collected_knowledge": false,
        "descriptor_strategy": "focused",
        "descriptors": [
          "pattern_seeking",
          "holistically_thinking",
          "human_centered",
          "mathematically_precise",
          "spiritually_grounded"
        ],
        "duration_sec": 0.126,
        "error": null
      },
      {
        "run": 2,
        "dimensions": 1024,
        "embedding": [
          0.031258318573236465,
          0.007845785468816757,
          0.040742821991443634,
          0.0023141803685575724,
          0.04282444715499878,
          0.04026779159903526,
          0.04420284554362297,
          0.04315238445997238,
          0.03160342574119568,
          0.04876629635691643,
          "..."
        ],
        "has_collected_knowledge": false,
        "descriptor_strategy": "diverse",
        "descriptors": [
          "pattern_seeking",
          "Sees patterns in everything",
          "Each pattern describes a problem and the core of its solution.",
          "holistically_thinking",
          "Measures 'life' in buildings",
          "The quality without a name.",
          "human_centered",
          "Fights modernist architecture",
          "Every design problem begins with an effort to achieve fitness between form and context.",
          "mathematically_precise",
          "Builds with feeling",
          "Buildings must create life or they create death."
        ],
        "duration_sec": 0.115,
        "error": null
      },
      {
        "run": 3,
        "dimensions": 1024,
        "embedding": [
          0.029470013454556465,
          0.006558019667863846,
          0.009291047230362892,
          0.030870305374264717,
          0.03739018365740776,
          0.02202104963362217,
          0.040895525366067886,
          0.035710208117961884,
          0.002813414204865694,
          0.026635069400072098,
          "..."
        ],
        "has_collected_knowledge": false,
        "descriptor_strategy": "focused",
        "descriptors": [
          "pattern_seeking",
          "holistically_thinking",
          "human_centered",
          "mathematically_precise",
          "spiritually_grounded",
          "Sees patterns in everything",
          "Each pattern describes a problem and the core of its solution.",
          "Measures 'life' in buildings"
        ],
        "duration_sec": 0.117,
        "error": null
      }
    ]
  },
  "skill_builder": {
    "runs": 3,
    "embeddings": [
      {
        "run": 1,
        "dimensions": 1024,
        "embedding": [
          0.019453497603535652,
          0.00045156944543123245,
          0.014819392934441566,
          0.05257358402013779,
          0.0026320060715079308,
          0.021874619647860527,
          0.012597358785569668,
          0.03066619671881199,
          0.03827686980366707,
          0.02145233005285263,
          "..."
        ],
        "skill_count": 5,
        "salts_used": [
          "pattern_seeking",
          "holistically_thinking",
          "human_centered",
          "mathematically_precise",
          "spiritually_grounded"
        ],
        "descriptor_strategy": "focused",
        "descriptors": [
          "pattern_seeking",
          "holistically_thinking",
          "human_centered",
          "mathematically_precise",
          "spiritually_grounded"
        ],
        "duration_sec": 0.726,
        "error": null
      },
      {
        "run": 2,
        "dimensions": 1024,
        "embedding": [
          0.008720271289348602,
          0.03669049218297005,
          0.027142848819494247,
          0.02448953315615654,
          0.02626616880297661,
          0.018006859347224236,
          0.010701268911361694,
          0.016923313960433006,
          0.04455268755555153,
          0.033439893275499344,
          "..."
        ],
        "skill_count": 5,
        "salts_used": [
          "pattern_seeking",
          "Sees patterns in everything",
          "Each pattern describes a problem and the core of its solution.",
          "holistically_thinking",
          "Measures 'life' in buildings",
          "The quality without a name.",
          "human_centered",
          "Fights modernist architecture",
          "Every design problem begins with an effort to achieve fitness between form and context.",
          "mathematically_precise",
          "Builds with feeling",
          "Buildings must create life or they create death."
        ],
        "descriptor_strategy": "diverse",
        "descriptors": [
          "pattern_seeking",
          "Sees patterns in everything",
          "Each pattern describes a problem and the core of its solution.",
          "holistically_thinking",
          "Measures 'life' in buildings",
          "The quality without a name.",
          "human_centered",
          "Fights modernist architecture",
          "Every design problem begins with an effort to achieve fitness between form and context.",
          "mathematically_precise",
          "Builds with feeling",
          "Buildings must create life or they create death."
        ],
        "duration_sec": 0.711,
        "error": null
      },
      {
        "run": 3,
        "dimensions": 1024,
        "embedding": [
          0.020520342513918877,
          0.00033119661384262145,
          0.0007271366193890572,
          0.050562795251607895,
          0.015175492502748966,
          0.03595934063196182,
          0.0003120093315374106,
          0.012273269705474377,
          0.024956608191132545,
          0.028381993994116783,
          "..."
        ],
        "skill_count": 5,
        "salts_used": [
          "pattern_seeking",
          "holistically_thinking",
          "human_centered",
          "mathematically_precise",
          "spiritually_grounded",
          "Sees patterns in everything",
          "Each pattern describes a problem and the core of its solution.",
          "Measures 'life' in buildings"
        ],
        "descriptor_strategy": "focused",
        "descriptors": [
          "pattern_seeking",
          "holistically_thinking",
          "human_centered",
          "mathematically_precise",
          "spiritually_grounded",
          "Sees patterns in everything",
          "Each pattern describes a problem and the core of its solution.",
          "Measures 'life' in buildings"
        ],
        "duration_sec": 0.715,
        "error": null
      }
    ]
  }
}