{
  "name": "Coach Beard",
  "source_file": "coach_beard.json",
  "processed_at": "2026-01-09T05:36:40.620358",
  "run_count": 3,
  "strategy": "hybrid",
  "knowledge_builder": {
    "runs": 3,
    "embeddings": [
      {
        "run": 1,
        "dimensions": 1024,
        "embedding": [
          0.0185255017131567,
          0.026354176923632622,
          0.04875652864575386,
          0.017104554921388626,
          0.03314973786473274,
          0.02941686473786831,
          0.004208508413285017,
          0.012609241530299187,
          0.05154978483915329,
          0.03123174048960209,
          "..."
        ],
        "has_collected_knowledge": false,
        "descriptor_strategy": "focused",
        "descriptors": [],
        "duration_sec": 0.113,
        "error": null
      },
      {
        "run": 2,
        "dimensions": 1024,
        "embedding": [
          0.001507319393567741,
          0.02928520366549492,
          0.048756107687950134,
          0.014363880269229412,
          0.051524270325899124,
          0.016159307211637497,
          0.03861251100897789,
          0.0548064224421978,
          0.033244941383600235,
          0.011286962777376175,
          "..."
        ],
        "has_collected_knowledge": false,
        "descriptor_strategy": "diverse",
        "descriptors": [
          "*nods*",
          "Coach.",
          "Jane.",
          "*raises eyebrow*"
        ],
        "duration_sec": 0.118,
        "error": null
      },
      {
        "run": 3,
        "dimensions": 1024,
        "embedding": [
          0.03378594294190407,
          0.047418780624866486,
          0.0330030620098114,
          0.03008458763360977,
          0.04756660386919975,
          0.0529964305460453,
          0.05072668939828873,
          0.010781520046293736,
          0.023267630487680435,
          0.03519730642437935,
          "..."
        ],
        "has_collected_knowledge": false,
        "descriptor_strategy": "focused",
        "descriptors": [
          "*nods*",
          "Coach.",
          "Jane.",
          "*raises eyebrow*"
        ],
        "duration_sec": 0.115,
        "error": null
      }
    ]
  },
  "skill_builder": {
    "runs": 3,
    "embeddings": [
      {
        "run": 1,
        "dimensions": 1024,
        "embedding": [
          0.02335715852677822,
          0.04783869907259941,
          0.03660211339592934,
          0.036871325224637985,
          0.009736070409417152,
          0.0015830984339118004,
          0.04486508667469025,
          0.04210738092660904,
          0.038893625140190125,
          0.03947683796286583,
          "..."
        ],
        "skill_count": 0,
        "salts_used": [],
        "descriptor_strategy": "focused",
        "descriptors": [],
        "duration_sec": 0.115,
        "error": null
      },
      {
        "run": 2,
        "dimensions": 1024,
        "embedding": [
          0.001371325459331274,
          0.03874615207314491,
          0.024607283994555473,
          0.003684679977595806,
          0.04500014707446098,
          0.03581364080309868,
          0.017118945717811584,
          0.02622763067483902,
          0.0197432991117239,
          0.0020803145598620176,
          "..."
        ],
        "skill_count": 4,
        "salts_used": [
          "*nods*",
          "Coach.",
          "Jane.",
          "*raises eyebrow*"
        ],
        "descriptor_strategy": "diverse",
        "descriptors": [
          "*nods*",
          "Coach.",
          "Jane.",
          "*raises eyebrow*"
        ],
        "duration_sec": 0.598,
        "error": null
      },
      {
        "run": 3,
        "dimensions": 1024,
        "embedding": [
          0.036534685641527176,
          0.03885935992002487,
          0.02265363559126854,
          0.0436580590903759,
          0.03116481378674507,
          0.03813757002353668,
          0.000591635296586901,
          0.04645451158285141,
          0.04874296113848686,
          0.003272916655987501,
          "..."
        ],
        "skill_count": 4,
        "salts_used": [
          "*nods*",
          "Coach.",
          "Jane.",
          "*raises eyebrow*"
        ],
        "descriptor_strategy": "focused",
        "descriptors": [
          "*nods*",
          "Coach.",
          "Jane.",
          "*raises eyebrow*"
        ],
        "duration_sec": 0.579,
        "error": null
      }
    ]
  }
}