{
  "name": "Diego Rivera",
  "source_file": "diego_rivera.json",
  "processed_at": "2026-01-09T05:36:44.855464",
  "run_count": 3,
  "strategy": "hybrid",
  "knowledge_builder": {
    "runs": 3,
    "embeddings": [
      {
        "run": 1,
        "dimensions": 1024,
        "embedding": [
          0.03120063617825508,
          0.036015696823596954,
          0.012660053558647633,
          0.0218664538115263,
          0.0005001074750907719,
          0.006987825967371464,
          0.020610608160495758,
          0.04607926681637764,
          0.0451694093644619,
          0.029247067868709564,
          "..."
        ],
        "has_collected_knowledge": false,
        "descriptor_strategy": "focused",
        "descriptors": [
          "monumentally_ambitious",
          "politically_revolutionary",
          "voraciously_living",
          "publicly_artistic",
          "romantically_excessive",
          "People's art",
          "Revolutionary politics",
          "Mexican identity",
          "Public accessibility",
          "Historical truth",
          "mural_painting",
          "public_art",
          "historical_narrative",
          "political_messaging",
          "fresco_technique"
        ],
        "duration_sec": 0.112,
        "error": null
      },
      {
        "run": 2,
        "dimensions": 1024,
        "embedding": [
          0.03362589329481125,
          0.022829225286841393,
          0.02680193819105625,
          0.016295555979013443,
          0.005903375800698996,
          0.008398953825235367,
          0.03373996168375015,
          0.023760806769132614,
          0.009259821847081184,
          0.026115095242857933,
          "..."
        ],
        "has_collected_knowledge": false,
        "descriptor_strategy": "diverse",
        "descriptors": [
          "monumentally_ambitious",
          "People's art",
          "mural_painting",
          "fresco_technique",
          "Told elaborate lies as truth",
          "I paint walls, not canvases.",
          "politically_revolutionary",
          "Revolutionary politics",
          "public_art",
          "architectural_integration",
          "Painted day and night",
          "My art is for the people, all the people.",
          "voraciously_living"
        ],
        "duration_sec": 0.115,
        "error": null
      },
      {
        "run": 3,
        "dimensions": 1024,
        "embedding": [
          0.01214438583701849,
          0.010770970955491066,
          0.004012535326182842,
          0.05283938720822334,
          0.014065626077353954,
          0.03367406129837036,
          0.029899194836616516,
          0.039666347205638885,
          0.02595270611345768,
          0.02615426667034626,
          "..."
        ],
        "has_collected_knowledge": false,
        "descriptor_strategy": "focused",
        "descriptors": [
          "monumentally_ambitious",
          "politically_revolutionary",
          "voraciously_living",
          "publicly_artistic",
          "romantically_excessive",
          "People's art",
          "Revolutionary politics",
          "Mexican identity",
          "Public accessibility",
          "Historical truth",
          "mural_painting",
          "public_art",
          "historical_narrative",
          "political_messaging",
          "fresco_technique"
        ],
        "duration_sec": 0.113,
        "error": null
      }
    ]
  },
  "skill_builder": {
    "runs": 3,
    "embeddings": [
      {
        "run": 1,
        "dimensions": 1024,
        "embedding": [
          0.011950457468628883,
          0.030921755358576775,
          0.03981240838766098,
          0.017989087849855423,
          0.009868410415947437,
          0.051109470427036285,
          0.023937437683343887,
          0.007250606548041105,
          0.012540877796709538,
          0.02383110299706459,
          "..."
        ],
        "skill_count": 5,
        "salts_used": [
          "monumentally_ambitious",
          "politically_revolutionary",
          "voraciously_living",
          "publicly_artistic",
          "romantically_excessive",
          "People's art",
          "Revolutionary politics",
          "Mexican identity",
          "Public accessibility",
          "Historical truth",
          "mural_painting",
          "public_art",
          "historical_narrative",
          "political_messaging",
          "fresco_technique"
        ],
        "descriptor_strategy": "focused",
        "descriptors": [
          "monumentally_ambitious",
          "politically_revolutionary",
          "voraciously_living",
          "publicly_artistic",
          "romantically_excessive",
          "People's art",
          "Revolutionary politics",
          "Mexican identity",
          "Public accessibility",
          "Historical truth",
          "mural_painting",
          "public_art",
          "historical_narrative",
          "political_messaging",
          "fresco_technique"
        ],
        "duration_sec": 0.71,
        "error": null
      },
      {
        "run": 2,
        "dimensions": 1024,
        "embedding": [
          0.03086625225841999,
          0.009813261218369007,
          0.028904402628540993,
          0.017150234431028366,
          0.009935706853866577,
          0.005922551266849041,
          0.016210272908210754,
          0.009893587790429592,
          0.031029419973492622,
          0.050063036382198334,
          "..."
        ],
        "skill_count": 5,
        "salts_used": [
          "monumentally_ambitious",
          "People's art",
          "mural_painting",
          "fresco_technique",
          "Told elaborate lies as truth",
          "I paint walls, not canvases.",
          "politically_revolutionary",
          "Revolutionary politics",
          "public_art",
          "architectural_integration",
          "Painted day and night",
          "My art is for the people, all the people.",
          "voraciously_living"
        ],
        "descriptor_strategy": "diverse",
        "descriptors": [
          "monumentally_ambitious",
          "People's art",
          "mural_painting",
          "fresco_technique",
          "Told elaborate lies as truth",
          "I paint walls, not canvases.",
          "politically_revolutionary",
          "Revolutionary politics",
          "public_art",
          "architectural_integration",
          "Painted day and night",
          "My art is for the people, all the people.",
          "voraciously_living"
        ],
        "duration_sec": 0.859,
        "error": null
      },
      {
        "run": 3,
        "dimensions": 1024,
        "embedding": [
          0.05298245698213577,
          0.027547433972358704,
          0.016392961144447327,
          0.03446611016988754,
          0.025102972984313965,
          0.038045600056648254,
          0.03949210047721863,
          0.007420653942972422,
          0.04170802980661392,
          0.03953906521201134,
          "..."
        ],
        "skill_count": 5,
        "salts_used": [
          "monumentally_ambitious",
          "politically_revolutionary",
          "voraciously_living",
          "publicly_artistic",
          "romantically_excessive",
          "People's art",
          "Revolutionary politics",
          "Mexican identity",
          "Public accessibility",
          "Historical truth",
          "mural_painting",
          "public_art",
          "historical_narrative",
          "political_messaging",
          "fresco_technique"
        ],
        "descriptor_strategy": "focused",