{
  "name": "Don Quixote de la Mancha",
  "source_file": "don_quixote.json",
  "processed_at": "2026-01-09T05:36:49.341863",
  "run_count": 3,
  "strategy": "hybrid",
  "knowledge_builder": {
    "runs": 3,
    "embeddings": [
      {
        "run": 1,
        "dimensions": 1024,
        "embedding": [
          0.007265642285346985,
          0.03280815854668617,
          0.0434301532804966,
          0.052683837711811066,
          0.004968584049493074,
          0.0022778448183089495,
          0.04520585387945175,
          0.020879583433270454,
          0.0202625785022974,
          0.05019044876098633,
          "..."
        ],
        "has_collected_knowledge": false,
        "descriptor_strategy": "focused",
        "descriptors": [
          "Chivalric ideals and romance",
          "Transformative imagination",
          "Unwavering commitment to principles"
        ],
        "duration_sec": 0.117,
        "error": null
      },
      {
        "run": 2,
        "dimensions": 1024,
        "embedding": [
          0.013104424811899662,
          0.021641850471496582,
          0.003018589923158288,
          0.016197994351387024,
          0.013035141862928867,
          0.01564456894993782,
          0.015438230708241463,
          0.005045104306191206,
          0.011513889767229557,
          0.04696997255086899,
          "..."
        ],
        "has_collected_knowledge": false,
        "descriptor_strategy": "diverse",
        "descriptors": [
          "Chivalric ideals and romance",
          "Transformative imagination",
          "Unwavering commitment to principles"
        ],
        "duration_sec": 0.118,
        "error": null
      },
      {
        "run": 3,
        "dimensions": 1024,
        "embedding": [
          0.015116361901164055,
          0.033225931227207184,
          0.031531598418951035,
          0.038327544927597046,
          0.03759821131825447,
          0.04473106190562248,
          0.02418622374534607,
          0.03235302492976189,
          0.0006000974681228399,
          0.03946961462497711,
          "..."
        ],
        "has_collected_knowledge": false,
        "descriptor_strategy": "focused",
        "descriptors": [
          "Chivalric ideals and romance",
          "Transformative imagination",
          "Unwavering commitment to principles"
        ],
        "duration_sec": 0.112,
        "error": null
      }
    ]
  },
  "skill_builder": {
    "runs": 3,
    "embeddings": [
      {
        "run": 1,
        "dimensions": 1024,
        "embedding": [
          0.03684903308749199,
          0.01445599365979433,
          0.03685640171170235,
          0.03099944069981575,
          0.00314853573217988,
          0.04248372092843056,
          0.022264542058110237,
          0.005639086477458477,
          0.051641304045915604,
          0.04889852553606033,
          "..."
        ],
        "skill_count": 3,
        "salts_used": [
          "Chivalric ideals and romance",
          "Transformative imagination",
          "Unwavering commitment to principles"
        ],
        "descriptor_strategy": "focused",
        "descriptors": [
          "Chivalric ideals and romance",
          "Transformative imagination",
          "Unwavering commitment to principles"
        ],
        "duration_sec": 0.448,
        "error": null
      },
      {
        "run": 2,
        "dimensions": 1024,
        "embedding": [
          0.01931006833910942,
          0.04651510715484619,
          0.01548229344189167,
          0.04402017965912819,
          0.030293229967355728,
          0.041886866092681885,
          0.04521580785512924,
          0.009619787335395813,
          0.009804475121200085,
          0.021323999390006065,
          "..."
        ],
        "skill_count": 3,
        "salts_used": [
          "Chivalric ideals and romance",
          "Transformative imagination",
          "Unwavering commitment to principles"
        ],
        "descriptor_strategy": "diverse",
        "descriptors": [
          "Chivalric ideals and romance",
          "Transformative imagination",
          "Unwavering commitment to principles"
        ],
        "duration_sec": 0.46,
        "error": null
      },
      {
        "run": 3,
        "dimensions": 1024,
        "embedding": [
          0.011645500548183918,
          0.03248337656259537,
          0.045098889619112015,
          0.014498915523290634,
          0.035380903631448746,
          0.013865216635167599,
          0.014169681817293167,
          0.0511055663228035,
          0.05308748036623001,
          0.0037469351664185524,
          "..."
        ],
        "skill_count": 3,
        "salts_used": [
          "Chivalric ideals and romance",
          "Transformative imagination",
          "Unwavering commitment to principles"
        ],
        "descriptor_strategy": "focused",
        "descriptors": [
          "Chivalric ideals and romance",
          "Transformative imagination",
          "Unwavering commitment to principles"
        ],
        "duration_sec": 0.457,
        "error": null
      }
    ]
  }
}