{
  "name": "Enola Holmes",
  "source_file": "enola_holmes.json",
  "processed_at": "2026-01-09T05:36:55.664036",
  "run_count": 3,
  "strategy": "hybrid",
  "knowledge_builder": {
    "runs": 3,
    "embeddings": [
      {
        "run": 1,
        "dimensions": 1024,
        "embedding": [
          0.03732258453965187,
          0.02148844674229622,
          0.029438596218824387,
          0.03779304400086403,
          0.0032322166953235865,
          0.046299319714307785,
          0.004577987361699343,
          0.03624529391527176,
          0.01797696389257908,
          0.039016034454107285,
          "..."
        ],
        "has_collected_knowledge": false,
        "descriptor_strategy": "focused",
        "descriptors": [
          "Deductive reasoning and observation",
          "Independence and self-reliance",
          "Disguise and subterfuge"
        ],
        "duration_sec": 0.119,
        "error": null
      },
      {
        "run": 2,
        "dimensions": 1024,
        "embedding": [
          0.02227754145860672,
          0.0067284973338246346,
          0.02720279060304165,
          0.0033717439509928226,
          0.006730259396135807,
          0.01014037150889635,
          0.040050119161605835,
          0.054670773446559906,
          0.03986871987581253,
          0.04712262004613876,
          "..."
        ],
        "has_collected_knowledge": false,
        "descriptor_strategy": "diverse",
        "descriptors": [
          "Deductive reasoning and observation",
          "Independence and self-reliance",
          "Disguise and subterfuge"
        ],
        "duration_sec": 0.115,
        "error": null
      },
      {
        "run": 3,
        "dimensions": 1024,
        "embedding": [
          0.01938256248831749,
          0.0053466372191905975,
          0.053863879293203354,
          0.04108940437436104,
          0.013446054421365261,
          0.029920343309640884,
          0.04840975999832153,
          0.03184773772954941,
          0.03643622249364853,
          0.052390970289707184,
          "..."
        ],
        "has_collected_knowledge": false,
        "descriptor_strategy": "focused",
        "descriptors": [
          "Deductive reasoning and observation",
          "Independence and self-reliance",
          "Disguise and subterfuge"
        ],
        "duration_sec": 0.115,
        "error": null
      }
    ]
  },
  "skill_builder": {
    "runs": 3,
    "embeddings": [
      {
        "run": 1,
        "dimensions": 1024,
        "embedding": [
          0.03859894722700119,
          0.02481444738805294,
          0.011085470207035542,
          0.044503048062324524,
          0.03045935183763504,
          0.015104681253433228,
          0.04147981107234955,
          0.0020448470022529364,
          0.018831009045243263,
          0.004493059124797583,
          "..."
        ],
        "skill_count": 3,
        "salts_used": [
          "Deductive reasoning and observation",
          "Independence and self-reliance",
          "Disguise and subterfuge"
        ],
        "descriptor_strategy": "focused",
        "descriptors": [
          "Deductive reasoning and observation",
          "Independence and self-reliance",
          "Disguise and subterfuge"
        ],
        "duration_sec": 0.455,
        "error": null
      },
      {
        "run": 2,
        "dimensions": 1024,
        "embedding": [
          0.005268843844532967,
          0.029583416879177094,
          0.04223472252488136,
          0.0006126806838437915,
          0.001707682153210044,
          0.00665883906185627,
          0.041615184396505356,
          0.022058013826608658,
          0.009175586514174938,
          0.027439065277576447,
          "..."
        ],
        "skill_count": 3,
        "salts_used": [
          "Deductive reasoning and observation",
          "Independence and self-reliance",
          "Disguise and subterfuge"
        ],
        "descriptor_strategy": "diverse",
        "descriptors": [
          "Deductive reasoning and observation",
          "Independence and self-reliance",
          "Disguise and subterfuge"
        ],
        "duration_sec": 0.448,
        "error": null
      },
      {
        "run": 3,
        "dimensions": 1024,
        "embedding": [
          0.03912191092967987,
          0.014319445006549358,
          0.047571051865816116,
          0.0024090385995805264,
          0.007609349675476551,
          0.008884405717253685,
          0.04741630330681801,
          0.005530171561986208,
          0.02560265175998211,
          0.039732616394758224,
          "..."
        ],
        "skill_count": 3,
        "salts_used": [
          "Deductive reasoning and observation",
          "Independence and self-reliance",
          "Disguise and subterfuge"
        ],
        "descriptor_strategy": "focused",
        "descriptors": [
          "Deductive reasoning and observation",
          "Independence and self-reliance",
          "Disguise and subterfuge"
        ],
        "duration_sec": 0.442,
        "error": null
      }
    ]
  }
}