{
  "name": "Frida Kahlo",
  "source_file": "frida_kahlo.json",
  "processed_at": "2026-01-09T05:37:02.611015",
  "run_count": 3,
  "strategy": "hybrid",
  "knowledge_builder": {
    "runs": 3,
    "embeddings": [
      {
        "run": 1,
        "dimensions": 1024,
        "embedding": [
          0.03128659352660179,
          0.004390213172882795,
          0.03072594664990902,
          0.0200676079839468,
          0.01400867011398077,
          0.01155599020421505,
          0.026296038180589676,
          0.03983159735798836,
          0.014012044295668602,
          0.0043932427652180195,
          "..."
        ],
        "has_collected_knowledge": false,
        "descriptor_strategy": "focused",
        "descriptors": [
          "fiercely_passionate",
          "painfully_honest",
          "culturally_proud",
          "rebelliously_authentic",
          "intensely_emotional",
          "Authentic expression",
          "Mexican identity",
          "Communist ideals",
          "Sexual freedom",
          "Art as truth",
          "self_portraiture",
          "symbolic_painting",
          "pain_transformation",
          "cultural_expression",
          "political_activism"
        ],
        "duration_sec": 0.115,
        "error": null
      },
      {
        "run": 2,
        "dimensions": 1024,
        "embedding": [
          0.037835605442523956,
          0.053507424890995026,
          0.00398650486022234,
          0.019942842423915863,
          0.042691390961408615,
          0.028400050476193428,
          0.00970495119690895,
          0.04246491566300392,
          0.004987883847206831,
          0.043199531733989716,
          "..."
        ],
        "has_collected_knowledge": false,
        "descriptor_strategy": "diverse",
        "descriptors": [
          "fiercely_passionate",
          "Authentic expression",
          "self_portraiture",
          "political_activism",
          "Painted in bed when bedridden",
          "I paint myself because I am so often alone.",
          "painfully_honest",
          "Mexican identity",
          "symbolic_painting",
          "love_letters",
          "Dressed in traditional Tehuana clothing",
          "I am not sick. I am broken. But I am happy to be alive as long as I can paint.",
          "culturally_proud"
        ],
        "duration_sec": 0.112,
        "error": null
      },
      {
        "run": 3,
        "dimensions": 1024,
        "embedding": [
          0.02061576396226883,
          0.02956116944551468,
          0.0017812864389270544,
          0.05092044919729233,
          0.015191120095551014,
          0.006860488094389439,
          0.027769744396209717,
          0.01302734948694706,
          0.0017741441261023283,
          0.047075625509023666,
          "..."
        ],
        "has_collected_knowledge": false,
        "descriptor_strategy": "focused",
        "descriptors": [
          "fiercely_passionate",
          "painfully_honest",
          "culturally_proud",
          "rebelliously_authentic",
          "intensely_emotional",
          "Authentic expression",
          "Mexican identity",
          "Communist ideals",
          "Sexual freedom",
          "Art as truth",
          "self_portraiture",
          "symbolic_painting",
          "pain_transformation",
          "cultural_expression",
          "political_activism"
        ],
        "duration_sec": 0.111,
        "error": null
      }
    ]
  },
  "skill_builder": {
    "runs": 3,
    "embeddings": [
      {
        "run": 1,
        "dimensions": 1024,
        "embedding": [
          0.03859592601656914,
          0.039699405431747437,
          0.03686689957976341,
          0.008279399015009403,
          0.04062279686331749,
          0.00877663679420948,
          0.04472387582063675,
          0.00640032859519124,
          0.023096363991498947,
          0.0028682665433734655,
          "..."
        ],
        "skill_count": 5,
        "salts_used": [
          "fiercely_passionate",
          "painfully_honest",
          "culturally_proud",
          "rebelliously_authentic",
          "intensely_emotional",
          "Authentic expression",
          "Mexican identity",
          "Communist ideals",
          "Sexual freedom",
          "Art as truth",
          "self_portraiture",
          "symbolic_painting",
          "pain_transformation",
          "cultural_expression",
          "political_activism"
        ],
        "descriptor_strategy": "focused",
        "descriptors": [
          "fiercely_passionate",
          "painfully_honest",
          "culturally_proud",
          "rebelliously_authentic",
          "intensely_emotional",
          "Authentic expression",
          "Mexican identity",
          "Communist ideals",
          "Sexual freedom",
          "Art as truth",
          "self_portraiture",
          "symbolic_painting",
          "pain_transformation",
          "cultural_expression",
          "political_activism"
        ],
        "duration_sec": 0.704,
        "error": null
      },
      {
        "run": 2,
        "dimensions": 1024,
        "embedding": [
          0.04952051863074303,
          0.007165641989558935,
          0.021924573928117752,
          0.040420740842819214,
          0.018081147223711014,
          0.05109993740916252,
          0.03828432410955429,
          0.026193633675575256,
          0.020217852666974068,
          0.046739041805267334,
          "..."
        ],
        "skill_count": 5,
        "salts_used": [
          "fiercely_passionate",
          "Authentic expression",
          "self_portraiture",
          "political_activism",
          "Painted in bed when bedridden",
          "I paint myself because I am so often alone.",
          "painfully_honest",
          "Mexican identity",
          "symbolic_painting",
          "love_letters",
          "Dressed in traditional Tehuana clothing",
          "I am not sick. I am broken. But I am happy to be alive as long as I can paint.",
          "culturally_proud"
        ],
        "descriptor_strategy": "diverse",
        "descriptors": [
          "fiercely_passionate",
          "Authentic expression",
          "self_portraiture",
          "political_activism",
          "Painted in bed when bedridden",
          "I paint myself because I am so often alone.",
          "painfully_honest",
          "Mexican identity",
          "symbolic_painting",
          "love_letters",
          "Dressed in traditional Tehuana clothing",
          "I am not sick. I am broken. But I am happy to be alive as long as I can paint.",
          "culturally_proud"
        ],
        "duration_sec": 0.706,
        "error": null
      },
      {
        "run": 3,
        "dimensions": 1024,
        "embedding": [
          0.014419618062675,
          0.036957863718271255,
          0.00990900956094265,
          0.007896042428910732,
          0.03787921741604805,
          0.0005366834229789674,
          0.0008352182921953499,
          0.039245493710041046,
          0.05415625125169754,
          0.014418778009712696,
          "..."
        ],
        "skill_count": 5,
        "salts_used": [
          "fiercely_passionate",
          "painfully_honest",
          "culturally_proud",
          "rebelliously_authentic",
          "intensely_emotional",
          "Authentic expression",
          "Mexican identity",
          "Communist ideals",
          "Sexual freedom",
          "Art as truth",
          "self_portraiture",
          "symbolic_painting",
          "pain_transformation",
          "cultural_expression",
          "political_activism"
        ],
        "descriptor_strategy": "focused",