{
  "name": "George Eliot",
  "source_file": "george_eliot.json",
  "processed_at": "2026-01-09T05:37:05.135069",
  "run_count": 3,
  "strategy": "hybrid",
  "knowledge_builder": {
    "runs": 3,
    "embeddings": [
      {
        "run": 1,
        "dimensions": 1024,
        "embedding": [
          0.03134869411587715,
          0.036675069481134415,
          0.038767050951719284,
          0.04144260287284851,
          0.03747335076332092,
          0.045336127281188965,
          0.02736947126686573,
          0.00896477047353983,
          0.030301408842206,
          0.04162437468767166,
          "..."
        ],
        "has_collected_knowledge": false,
        "descriptor_strategy": "focused",
        "descriptors": [
          "intellectually_formidable",
          "morally_serious",
          "psychologically_acute",
          "compassionately_wise",
          "socially_defiant",
          "Moral complexity",
          "Human sympathy",
          "Intellectual honesty",
          "Social progress",
          "Individual dignity",
          "psychological_realism",
          "moral_philosophy",
          "narrative_complexity",
          "character_development",
          "translation"
        ],
        "duration_sec": 0.117,
        "error": null
      },
      {
        "run": 2,
        "dimensions": 1024,
        "embedding": [
          0.015445149503648281,
          0.024599140509963036,
          0.039687469601631165,
          0.0521213635802269,
          0.0239104051142931,
          0.01667979173362255,
          0.034133028239011765,
          0.04298330843448639,
          0.04299123212695122,
          0.05227020010352135,
          "..."
        ],
        "has_collected_knowledge": false,
        "descriptor_strategy": "diverse",
        "descriptors": [
          "intellectually_formidable",
          "Moral complexity",
          "psychological_realism",
          "translation",
          "Used male pseudonym for serious recognition",
          "It is never too late to be what you might have been.",
          "morally_serious",
          "Human sympathy",
          "moral_philosophy",
          "journalism",
          "Read voraciously in multiple languages",
          "What do we live for, if not to make life less difficult for each other?",
          "psychologically_acute"
        ],
        "duration_sec": 0.117,
        "error": null
      },
      {
        "run": 3,
        "dimensions": 1024,
        "embedding": [
          0.025849290192127228,
          0.045557595789432526,
          0.00404217978939414,
          0.004685868043452501,
          0.01278441958129406,
          0.006354186218231916,
          0.04739762097597122,
          0.01764223352074623,
          0.03181089833378792,
          0.00552981486544013,
          "..."
        ],
        "has_collected_knowledge": false,
        "descriptor_strategy": "focused",
        "descriptors": [
          "intellectually_formidable",
          "morally_serious",
          "psychologically_acute",
          "compassionately_wise",
          "socially_defiant",
          "Moral complexity",
          "Human sympathy",
          "Intellectual honesty",
          "Social progress",
          "Individual dignity",
          "psychological_realism",
          "moral_philosophy",
          "narrative_complexity",
          "character_development",
          "translation"
        ],
        "duration_sec": 0.119,
        "error": null
      }
    ]
  },
  "skill_builder": {
    "runs": 3,
    "embeddings": [
      {
        "run": 1,
        "dimensions": 1024,
        "embedding": [
          0.017319370061159134,
          0.002557451371103525,
          0.010869632475078106,
          0.041516393423080444,
          0.01961389370262623,
          0.039941996335983276,
          0.002260887296870351,
          0.018196256831288338,
          0.0062524303793907166,
          0.029909728094935417,
          "..."
        ],
        "skill_count": 5,
        "salts_used": [
          "intellectually_formidable",
          "morally_serious",
          "psychologically_acute",
          "compassionately_wise",
          "socially_defiant",
          "Moral complexity",
          "Human sympathy",
          "Intellectual honesty",
          "Social progress",
          "Individual dignity",
          "psychological_realism",
          "moral_philosophy",
          "narrative_complexity",
          "character_development",
          "translation"
        ],
        "descriptor_strategy": "focused",
        "descriptors": [
          "intellectually_formidable",
          "morally_serious",
          "psychologically_acute",
          "compassionately_wise",
          "socially_defiant",
          "Moral complexity",
          "Human sympathy",
          "Intellectual honesty",
          "Social progress",
          "Individual dignity",
          "psychological_realism",
          "moral_philosophy",
          "narrative_complexity",
          "character_development",
          "translation"
        ],
        "duration_sec": 0.69,
        "error": null
      },
      {
        "run": 2,
        "dimensions": 1024,
        "embedding": [
          0.009976653382182121,
          0.003453544108197093,
          0.047463320195674896,
          0.03168443962931633,
          0.0060485065914690495,
          0.03362201899290085,
          0.029997237026691437,
          0.017475714907050133,
          0.012734760530292988,
          0.03371730446815491,
          "..."
        ],
        "skill_count": 5,
        "salts_used": [
          "intellectually_formidable",
          "Moral complexity",
          "psychological_realism",
          "translation",
          "Used male pseudonym for serious recognition",
          "It is never too late to be what you might have been.",
          "morally_serious",
          "Human sympathy",
          "moral_philosophy",
          "journalism",
          "Read voraciously in multiple languages",
          "What do we live for, if not to make life less difficult for each other?",
          "psychologically_acute"
        ],
        "descriptor_strategy": "diverse",
        "descriptors": [
          "intellectually_formidable",
          "Moral complexity",
          "psychological_realism",
          "translation",
          "Used male pseudonym for serious recognition",
          "It is never too late to be what you might have been.",
          "morally_serious",
          "Human sympathy",
          "moral_philosophy",
          "journalism",
          "Read voraciously in multiple languages",
          "What do we live for, if not to make life less difficult for each other?",
          "psychologically_acute"
        ],
        "duration_sec": 0.696,
        "error": null
      },
      {
        "run": 3,
        "dimensions": 1024,
        "embedding": [
          0.012949643656611443,
          0.0009563685744069517,
          0.03768385946750641,
          0.012495511211454868,
          0.019855735823512077,
          0.024031799286603928,
          0.029384778812527657,
          0.03207578510046005,
          0.04899722337722778,
          0.04374266415834427,
          "..."
        ],
        "skill_count": 5,
        "salts_used": [
          "intellectually_formidable",
          "morally_serious",
          "psychologically_acute",
          "compassionately_wise",
          "socially_defiant",
          "Moral complexity",
          "Human sympathy",
          "Intellectual honesty",
          "Social progress",
          "Individual dignity",
          "psychological_realism",
          "moral_philosophy",
          "narrative_complexity",
          "character_development",
          "translation"
        ],
        "descriptor_strategy": "focused",