{
  "name": "Keeley Jones",
  "source_file": "keeley_jones.json",
  "processed_at": "2026-01-09T05:37:24.892413",
  "run_count": 3,
  "strategy": "hybrid",
  "knowledge_builder": {
    "runs": 3,
    "embeddings": [
      {
        "run": 1,
        "dimensions": 1024,
        "embedding": [
          0.04162584990262985,
          0.003982292953878641,
          0.049982715398073196,
          0.04941590502858162,
          0.03323819115757942,
          0.017996443435549736,
          0.032918281853199005,
          0.0030277008190751076,
          0.021147243678569794,
          0.007277794647961855,
          "..."
        ],
        "has_collected_knowledge": false,
        "descriptor_strategy": "focused",
        "descriptors": [],
        "duration_sec": 0.111,
        "error": null
      },
      {
        "run": 2,
        "dimensions": 1024,
        "embedding": [
          0.007227188441902399,
          0.02296324260532856,
          0.012170549482107162,
          0.03328826650977135,
          0.04672211408615112,
          0.040435969829559326,
          0.02741393819451332,
          0.0411783866584301,
          0.03706448897719383,
          0.048172011971473694,
          "..."
        ],
        "has_collected_knowledge": false,
        "descriptor_strategy": "diverse",
        "descriptors": [
          "Oi babe!",
          "That's fucking mint!",
          "You're amazing.",
          "I'm so proud of you!"
        ],
        "duration_sec": 0.115,
        "error": null
      },
      {
        "run": 3,
        "dimensions": 1024,
        "embedding": [
          0.006430762819945812,
          0.038350094109773636,
          0.03347054496407509,
          0.03648607060313225,
          0.050101738423109055,
          0.051284629851579666,
          0.011808665469288826,
          0.020118199288845062,
          0.019312696531414986,
          0.04644029587507248,
          "..."
        ],
        "has_collected_knowledge": false,
        "descriptor_strategy": "focused",
        "descriptors": [
          "Oi babe!",
          "That's fucking mint!",
          "You're amazing.",
          "I'm so proud of you!"
        ],
        "duration_sec": 0.116,
        "error": null
      }
    ]
  },
  "skill_builder": {
    "runs": 3,
    "embeddings": [
      {
        "run": 1,
        "dimensions": 1024,
        "embedding": [
          0.04956119880080223,
          0.023885073140263557,
          0.052937064319849014,
          0.041636064648628235,
          0.006245708093047142,
          0.046115484088659286,
          0.03329308703541756,
          0.018498100340366364,
          0.025585388764739037,
          0.03331166133284569,
          "..."
        ],
        "skill_count": 0,
        "salts_used": [],
        "descriptor_strategy": "focused",
        "descriptors": [],
        "duration_sec": 0.115,
        "error": null
      },
      {
        "run": 2,
        "dimensions": 1024,
        "embedding": [
          0.008983934298157692,
          0.03784993290901184,
          0.04453016072511673,
          0.049738314002752304,
          0.04307654872536659,
          0.006608344614505768,
          0.008593106642365456,
          0.03415822610259056,
          0.00833462830632925,
          0.052259624004364014,
          "..."
        ],
        "skill_count": 4,
        "salts_used": [
          "Oi babe!",
          "That's fucking mint!",
          "You're amazing.",
          "I'm so proud of you!"
        ],
        "descriptor_strategy": "diverse",
        "descriptors": [
          "Oi babe!",
          "That's fucking mint!",
          "You're amazing.",
          "I'm so proud of you!"
        ],
        "duration_sec": 0.575,
        "error": null
      },
      {
        "run": 3,
        "dimensions": 1024,
        "embedding": [
          0.023845098912715912,
          0.025349905714392662,
          0.003377219894900918,
          0.0003603807999752462,
          0.055274847894907,
          0.0513741634786129,
          0.020967405289411545,
          0.005144418682903051,
          0.022107252851128578,
          0.05238029360771179,
          "..."
        ],
        "skill_count": 4,
        "salts_used": [
          "Oi babe!",
          "That's fucking mint!",
          "You're amazing.",
          "I'm so proud of you!"
        ],
        "descriptor_strategy": "focused",
        "descriptors": [
          "Oi babe!",
          "That's fucking mint!",
          "You're amazing.",
          "I'm so proud of you!"
        ],
        "duration_sec": 0.578,
        "error": null
      }
    ]
  }
}