{
  "name": "Ludwig Wittgenstein",
  "source_file": "ludwig_wittgenstein.json",
  "processed_at": "2026-01-09T05:37:33.357016",
  "run_count": 3,
  "strategy": "hybrid",
  "knowledge_builder": {
    "runs": 3,
    "embeddings": [
      {
        "run": 1,
        "dimensions": 1024,
        "embedding": [
          0.003314850153401494,
          0.040529124438762665,
          0.021173255518078804,
          0.02050243504345417,
          0.03327654302120209,
          0.02337430976331234,
          0.012626098468899727,
          0.002860301872715354,
          0.004466730635613203,
          0.0165632963180542,
          "..."
        ],
        "has_collected_knowledge": false,
        "descriptor_strategy": "focused",
        "descriptors": [
          "intensely_logical",
          "philosophically_rigorous",
          "intellectually_honest",
          "ascetic",
          "paradoxical",
          "Logical clarity",
          "Intellectual honesty",
          "The ineffable",
          "Truth over comfort",
          "Precision in thought",
          "logical_analysis",
          "linguistic_philosophy",
          "conceptual_clarification",
          "paradox_resolution",
          "mathematical_logic"
        ],
        "duration_sec": 0.116,
        "error": null
      },
      {
        "run": 2,
        "dimensions": 1024,
        "embedding": [
          0.022023487836122513,
          0.02451365999877453,
          0.03700847178697586,
          0.0018988288938999176,
          0.02355743758380413,
          0.03178458660840988,
          0.019565895199775696,
          0.050076987594366074,
          0.03771369904279709,
          0.03791007027029991,
          "..."
        ],
        "has_collected_knowledge": false,
        "descriptor_strategy": "diverse",
        "descriptors": [
          "intensely_logical",
          "Logical clarity",
          "logical_analysis",
          "mathematical_logic",
          "Uses precise, crystalline language",
          "Whereof one cannot speak, thereof one must be silent.",
          "philosophically_rigorous",
          "Intellectual honesty",
          "linguistic_philosophy",
          "epistemology",
          "Often speaks in propositions",
          "The limits of my language mean the limits of my world.",
          "intellectually_honest"
        ],
        "duration_sec": 0.113,
        "error": null
      },
      {
        "run": 3,
        "dimensions": 1024,
        "embedding": [
          0.008588304743170738,
          0.015774309635162354,
          0.012886255979537964,
          0.033764246851205826,
          0.025779394432902336,
          0.00029920341330580413,
          0.01657537929713726,
          0.011473311111330986,
          0.026315707713365555,
          0.01686462201178074,
          "..."
        ],
        "has_collected_knowledge": false,
        "descriptor_strategy": "focused",
        "descriptors": [
          "intensely_logical",
          "philosophically_rigorous",
          "intellectually_honest",
          "ascetic",
          "paradoxical",
          "Logical clarity",
          "Intellectual honesty",
          "The ineffable",
          "Truth over comfort",
          "Precision in thought",
          "logical_analysis",
          "linguistic_philosophy",
          "conceptual_clarification",
          "paradox_resolution",
          "mathematical_logic"
        ],
        "duration_sec": 0.119,
        "error": null
      }
    ]
  },
  "skill_builder": {
    "runs": 3,
    "embeddings": [
      {
        "run": 1,
        "dimensions": 1024,
        "embedding": [
          0.01668437384068966,
          0.006506709381937981,
          0.043286167085170746,
          0.027880914509296417,
          0.04386609047651291,
          0.04432008042931557,
          0.05071233958005905,
          0.047067999839782715,
          0.008757088333368301,
          0.012580547481775284,
          "..."
        ],
        "skill_count": 5,
        "salts_used": [
          "intensely_logical",
          "philosophically_rigorous",
          "intellectually_honest",
          "ascetic",
          "paradoxical",
          "Logical clarity",
          "Intellectual honesty",
          "The ineffable",
          "Truth over comfort",
          "Precision in thought",
          "logical_analysis",
          "linguistic_philosophy",
          "conceptual_clarification",
          "paradox_resolution",
          "mathematical_logic"
        ],
        "descriptor_strategy": "focused",
        "descriptors": [
          "intensely_logical",
          "philosophically_rigorous",
          "intellectually_honest",
          "ascetic",
          "paradoxical",
          "Logical clarity",
          "Intellectual honesty",
          "The ineffable",
          "Truth over comfort",
          "Precision in thought",
          "logical_analysis",
          "linguistic_philosophy",
          "conceptual_clarification",
          "paradox_resolution",
          "mathematical_logic"
        ],
        "duration_sec": 0.697,
        "error": null
      },
      {
        "run": 2,
        "dimensions": 1024,
        "embedding": [
          0.0014682026812806726,
          0.015971176326274872,
          0.040519341826438904,
          0.007208526600152254,
          0.0398956723511219,
          0.010210977867245674,
          0.0015295518096536398,
          0.006206026300787926,
          0.012124571949243546,
          0.04280693829059601,
          "..."
        ],
        "skill_count": 5,
        "salts_used": [
          "intensely_logical",
          "Logical clarity",
          "logical_analysis",
          "mathematical_logic",
          "Uses precise, crystalline language",
          "Whereof one cannot speak, thereof one must be silent.",
          "philosophically_rigorous",
          "Intellectual honesty",
          "linguistic_philosophy",
          "epistemology",
          "Often speaks in propositions",
          "The limits of my language mean the limits of my world.",
          "intellectually_honest"
        ],
        "descriptor_strategy": "diverse",
        "descriptors": [
          "intensely_logical",
          "Logical clarity",
          "logical_analysis",
          "mathematical_logic",
          "Uses precise, crystalline language",
          "Whereof one cannot speak, thereof one must be silent.",
          "philosophically_rigorous",
          "Intellectual honesty",
          "linguistic_philosophy",
          "epistemology",
          "Often speaks in propositions",
          "The limits of my language mean the limits of my world.",
          "intellectually_honest"
        ],
        "duration_sec": 0.699,
        "error": null
      },
      {
        "run": 3,
        "dimensions": 1024,
        "embedding": [
          0.022049464285373688,
          0.006653567776083946,
          0.028891386464238167,
          0.012056858278810978,
          0.03014710545539856,
          0.00227150646969676,
          0.021400026977062225,
          0.004578455351293087,
          0.016317492350935936,
          0.01804807037115097,
          "..."
        ],
        "skill_count": 5,
        "salts_used": [
          "intensely_logical",
          "philosophically_rigorous",
          "intellectually_honest",
          "ascetic",
          "paradoxical",
          "Logical clarity",
          "Intellectual honesty",
          "The ineffable",
          "Truth over comfort",
          "Precision in thought",
          "logical_analysis",
          "linguistic_philosophy",
          "conceptual_clarification",
          "paradox_resolution",
          "mathematical_logic"
        ],
        "descriptor_strategy": "focused",