{
  "name": "Miguel de Cervantes",
  "source_file": "miguel_de_cervantes.json",
  "processed_at": "2026-01-09T05:37:38.398582",
  "run_count": 3,
  "strategy": "hybrid",
  "knowledge_builder": {
    "runs": 3,
    "embeddings": [
      {
        "run": 1,
        "dimensions": 1024,
        "embedding": [
          0.02044854871928692,
          0.04726554825901985,
          0.046618178486824036,
          0.015256226994097233,
          0.009042157791554928,
          0.007261434104293585,
          0.022247685119509697,
          0.047945890575647354,
          0.05058620870113373,
          0.017152298241853714,
          "..."
        ],
        "has_collected_knowledge": false,
        "descriptor_strategy": "focused",
        "descriptors": [
          "ironically_idealistic",
          "humorously_tragic",
          "battle_scarred",
          "imaginatively_realistic",
          "nobly_poor",
          "Literary immortality",
          "Noble ideals",
          "Humor in tragedy",
          "Imagination's power",
          "Honor despite poverty",
          "novel_creation",
          "character_development",
          "reality_fiction_blending",
          "satirical_wisdom",
          "poetry"
        ],
        "duration_sec": 0.116,
        "error": null
      },
      {
        "run": 2,
        "dimensions": 1024,
        "embedding": [
          0.018677929416298866,
          0.009388801641762257,
          0.036760520190000534,
          0.013829986564815044,
          0.0024450761266052723,
          0.0506109744310379,
          0.03287467733025551,
          0.012151140719652176,
          0.03528319299221039,
          0.04850059375166893,
          "..."
        ],
        "has_collected_knowledge": false,
        "descriptor_strategy": "diverse",
        "descriptors": [
          "ironically_idealistic",
          "Literary immortality",
          "novel_creation",
          "poetry",
          "Sees windmills as giants",
          "En un lugar de la Mancha...",
          "humorously_tragic",
          "Noble ideals",
          "character_development",
          "playwriting",
          "Finds nobility in madness",
          "The truth may be stretched thin, but it never breaks.",
          "battle_scarred"
        ],
        "duration_sec": 0.107,
        "error": null
      },
      {
        "run": 3,
        "dimensions": 1024,
        "embedding": [
          0.04036969318985939,
          0.012915016151964664,
          0.04508086293935776,
          0.033188074827194214,
          0.0376054011285305,
          0.006959188729524612,
          0.03648833557963371,
          0.01341117825359106,
          0.04763256013393402,
          0.013332351110875607,
          "..."
        ],
        "has_collected_knowledge": false,
        "descriptor_strategy": "focused",
        "descriptors": [
          "ironically_idealistic",
          "humorously_tragic",
          "battle_scarred",
          "imaginatively_realistic",
          "nobly_poor",
          "Literary immortality",
          "Noble ideals",
          "Humor in tragedy",
          "Imagination's power",
          "Honor despite poverty",
          "novel_creation",
          "character_development",
          "reality_fiction_blending",
          "satirical_wisdom",
          "poetry"
        ],
        "duration_sec": 0.112,
        "error": null
      }
    ]
  },
  "skill_builder": {
    "runs": 3,
    "embeddings": [
      {
        "run": 1,
        "dimensions": 1024,
        "embedding": [
          0.03167321905493736,
          0.017525332048535347,
          0.01244165189564228,
          0.04705459997057915,
          0.050453267991542816,
          0.0017678388394415379,
          0.01019702386111021,
          0.03496628627181053,
          0.01685793697834015,
          0.03545167297124863,
          "..."
        ],
        "skill_count": 5,
        "salts_used": [
          "ironically_idealistic",
          "humorously_tragic",
          "battle_scarred",
          "imaginatively_realistic",
          "nobly_poor",
          "Literary immortality",
          "Noble ideals",
          "Humor in tragedy",
          "Imagination's power",
          "Honor despite poverty",
          "novel_creation",
          "character_development",
          "reality_fiction_blending",
          "satirical_wisdom",
          "poetry"
        ],
        "descriptor_strategy": "focused",
        "descriptors": [
          "ironically_idealistic",
          "humorously_tragic",
          "battle_scarred",
          "imaginatively_realistic",
          "nobly_poor",
          "Literary immortality",
          "Noble ideals",
          "Humor in tragedy",
          "Imagination's power",
          "Honor despite poverty",
          "novel_creation",
          "character_development",
          "reality_fiction_blending",
          "satirical_wisdom",
          "poetry"
        ],
        "duration_sec": 0.693,
        "error": null
      },
      {
        "run": 2,
        "dimensions": 1024,
        "embedding": [
          0.046779513359069824,
          0.0035210466012358665,
          0.04001026973128319,
          0.03370765224099159,
          0.019918490201234818,
          0.027831263840198517,
          0.030499015003442764,
          0.035785116255283356,
          0.025392645969986916,
          0.01985475793480873,
          "..."
        ],
        "skill_count": 5,
        "salts_used": [
          "ironically_idealistic",
          "Literary immortality",
          "novel_creation",
          "poetry",
          "Sees windmills as giants",
          "En un lugar de la Mancha...",
          "humorously_tragic",
          "Noble ideals",
          "character_development",
          "playwriting",
          "Finds nobility in madness",
          "The truth may be stretched thin, but it never breaks.",
          "battle_scarred"
        ],
        "descriptor_strategy": "diverse",
        "descriptors": [
          "ironically_idealistic",
          "Literary immortality",
          "novel_creation",
          "poetry",
          "Sees windmills as giants",
          "En un lugar de la Mancha...",
          "humorously_tragic",
          "Noble ideals",
          "character_development",
          "playwriting",
          "Finds nobility in madness",
          "The truth may be stretched thin, but it never breaks.",
          "battle_scarred"
        ],
        "duration_sec": 0.67,
        "error": null
      },
      {
        "run": 3,
        "dimensions": 1024,
        "embedding": [
          0.006767401471734047,
          0.018966957926750183,
          0.040012914687395096,
          0.021726233884692192,
          0.015080566518008709,
          0.04229046031832695,
          0.021706925705075264,
          0.01828109100461006,
          0.02410069853067398,
          0.04802076146006584,
          "..."
        ],
        "skill_count": 5,
        "salts_used": [
          "ironically_idealistic",
          "humorously_tragic",
          "battle_scarred",
          "imaginatively_realistic",
          "nobly_poor",
          "Literary immortality",
          "Noble ideals",
          "Humor in tragedy",
          "Imagination's power",
          "Honor despite poverty",
          "novel_creation",
          "character_development",
          "reality_fiction_blending",
          "satirical_wisdom",
          "poetry"
        ],
        "descriptor_strategy": "focused",