{
  "name": "Philip E. Tetlock",
  "source_file": "phil_tetlock.json",
  "processed_at": "2026-01-09T05:37:48.464307",
  "run_count": 3,
  "strategy": "hybrid",
  "knowledge_builder": {
    "runs": 3,
    "embeddings": [
      {
        "run": 1,
        "dimensions": 1024,
        "embedding": [
          0.04742146655917168,
          0.005184528883546591,
          0.036540862172842026,
          0.03824616223573685,
          0.0025234550703316927,
          0.04946794733405113,
          0.04454359412193298,
          0.011882389895617962,
          0.053689636290073395,
          0.0018030289793387055,
          "..."
        ],
        "has_collected_knowledge": false,
        "descriptor_strategy": "focused",
        "descriptors": [
          "Judgment and decision-making",
          "Forecasting and prediction",
          "Cognitive biases and debiasing"
        ],
        "duration_sec": 0.118,
        "error": null
      },
      {
        "run": 2,
        "dimensions": 1024,
        "embedding": [
          0.02514267899096012,
          0.04749171808362007,
          0.02130020409822464,
          0.028950082138180733,
          0.054332438856363297,
          0.030402883887290955,
          0.013141761533915997,
          0.05394553765654564,
          0.0027726651169359684,
          0.01919878087937832,
          "..."
        ],
        "has_collected_knowledge": false,
        "descriptor_strategy": "diverse",
        "descriptors": [
          "Judgment and decision-making",
          "Forecasting and prediction",
          "Cognitive biases and debiasing"
        ],
        "duration_sec": 0.111,
        "error": null
      },
      {
        "run": 3,
        "dimensions": 1024,
        "embedding": [
          0.031197788193821907,
          0.002346056280657649,
          0.012659722939133644,
          0.017155971378087997,
          0.005433484446257353,
          0.039267025887966156,
          0.04420856386423111,
          0.045035477727651596,
          0.0023960776161402464,
          0.03214007988572121,
          "..."
        ],
        "has_collected_knowledge": false,
        "descriptor_strategy": "focused",
        "descriptors": [
          "Judgment and decision-making",
          "Forecasting and prediction",
          "Cognitive biases and debiasing"
        ],
        "duration_sec": 0.121,
        "error": null
      }
    ]
  },
  "skill_builder": {
    "runs": 3,
    "embeddings": [
      {
        "run": 1,
        "dimensions": 1024,
        "embedding": [
          0.04545671492815018,
          0.02577468939125538,
          0.05090928450226784,
          0.05014495179057121,
          0.04673529416322708,
          0.035097792744636536,
          0.04242141544818878,
          0.006812976207584143,
          0.02518095076084137,
          0.012101280502974987,
          "..."
        ],
        "skill_count": 3,
        "salts_used": [
          "Judgment and decision-making",
          "Forecasting and prediction",
          "Cognitive biases and debiasing"
        ],
        "descriptor_strategy": "focused",
        "descriptors": [
          "Judgment and decision-making",
          "Forecasting and prediction",
          "Cognitive biases and debiasing"
        ],
        "duration_sec": 0.451,
        "error": null
      },
      {
        "run": 2,
        "dimensions": 1024,
        "embedding": [
          0.030512873083353043,
          0.03864187374711037,
          0.012474863789975643,
          0.02160760387778282,
          0.05340450257062912,
          0.026541216298937798,
          0.030620289966464043,
          0.004795926623046398,
          0.04662719741463661,
          0.03048853762447834,
          "..."
        ],
        "skill_count": 3,
        "salts_used": [
          "Judgment and decision-making",
          "Forecasting and prediction",
          "Cognitive biases and debiasing"
        ],
        "descriptor_strategy": "diverse",
        "descriptors": [
          "Judgment and decision-making",
          "Forecasting and prediction",
          "Cognitive biases and debiasing"
        ],
        "duration_sec": 0.464,
        "error": null
      },
      {
        "run": 3,
        "dimensions": 1024,
        "embedding": [
          0.049347229301929474,
          0.01181491743773222,
          0.0022853517439216375,
          0.047454990446567535,
          0.0016166351269930601,
          0.04613541439175606,
          0.028360238298773766,
          0.04491739720106125,
          0.025210175663232803,
          0.017302721738815308,
          "..."
        ],
        "skill_count": 3,
        "salts_used": [
          "Judgment and decision-making",
          "Forecasting and prediction",
          "Cognitive biases and debiasing"
        ],
        "descriptor_strategy": "focused",
        "descriptors": [
          "Judgment and decision-making",
          "Forecasting and prediction",
          "Cognitive biases and debiasing"
        ],
        "duration_sec": 0.461,
        "error": null
      }
    ]
  }
}