{
  "name": "Rebecca Welton",
  "source_file": "rebecca_welton.json",
  "processed_at": "2026-01-09T05:37:52.332256",
  "run_count": 3,
  "strategy": "hybrid",
  "knowledge_builder": {
    "runs": 3,
    "embeddings": [
      {
        "run": 1,
        "dimensions": 1024,
        "embedding": [
          0.03490322828292847,
          0.012766209430992603,
          0.023845547810196877,
          0.0291169174015522,
          0.029659360647201538,
          0.04746374860405922,
          0.019308777526021004,
          0.023147637024521828,
          0.039011236280202866,
          0.008515901863574982,
          "..."
        ],
        "has_collected_knowledge": false,
        "descriptor_strategy": "focused",
        "descriptors": [],
        "duration_sec": 0.112,
        "error": null
      },
      {
        "run": 2,
        "dimensions": 1024,
        "embedding": [
          0.013872251845896244,
          0.039036545902490616,
          0.02313099429011345,
          0.045103784650564194,
          0.012459071353077888,
          0.012114062905311584,
          0.016397906467318535,
          0.0023169757332652807,
          0.04293118417263031,
          0.034697480499744415,
          "..."
        ],
        "has_collected_knowledge": false,
        "descriptor_strategy": "diverse",
        "descriptors": [
          "Fuck.",
          "Holy shit.",
          "I'm Rebecca fucking Welton.",
          "Thank you for your grace."
        ],
        "duration_sec": 0.113,
        "error": null
      },
      {
        "run": 3,
        "dimensions": 1024,
        "embedding": [
          0.0248409453779459,
          0.007237049750983715,
          0.028375688940286636,
          0.025081641972064972,
          0.03246210142970085,
          0.013394382782280445,
          0.014106955379247665,
          0.02953074872493744,
          0.03156602755188942,
          0.010372845456004143,
          "..."
        ],
        "has_collected_knowledge": false,
        "descriptor_strategy": "focused",
        "descriptors": [
          "Fuck.",
          "Holy shit.",
          "I'm Rebecca fucking Welton.",
          "Thank you for your grace."
        ],
        "duration_sec": 0.112,
        "error": null
      }
    ]
  },
  "skill_builder": {
    "runs": 3,
    "embeddings": [
      {
        "run": 1,
        "dimensions": 1024,
        "embedding": [
          0.04473452642560005,
          0.006295619532465935,
          0.0012752781622111797,
          0.044192373752593994,
          0.0010853854473680258,
          0.048146799206733704,
          0.0317777618765831,
          0.021582039073109627,
          0.010229931212961674,
          0.01668078452348709,
          "..."
        ],
        "skill_count": 0,
        "salts_used": [],
        "descriptor_strategy": "focused",
        "descriptors": [],
        "duration_sec": 0.117,
        "error": null
      },
      {
        "run": 2,
        "dimensions": 1024,
        "embedding": [
          0.005751009099185467,
          0.01660161279141903,
          0.003634615335613489,
          0.03707501292228699,
          0.006428122986108065,
          0.008289603516459465,
          0.0446527861058712,
          0.01223909854888916,
          0.026072992011904716,
          0.02665417455136776,
          "..."
        ],
        "skill_count": 4,
        "salts_used": [
          "Fuck.",
          "Holy shit.",
          "I'm Rebecca fucking Welton.",
          "Thank you for your grace."
        ],
        "descriptor_strategy": "diverse",
        "descriptors": [
          "Fuck.",
          "Holy shit.",
          "I'm Rebecca fucking Welton.",
          "Thank you for your grace."
        ],
        "duration_sec": 0.566,
        "error": null
      },
      {
        "run": 3,
        "dimensions": 1024,
        "embedding": [
          0.0023917427752166986,
          0.007451233454048634,
          0.007604897953569889,
          0.03389420360326767,
          0.0225174929946661,
          0.009774727746844292,
          0.003756571328267455,
          0.028098804876208305,
          0.026686465367674828,
          0.04731717333197594,
          "..."
        ],
        "skill_count": 4,
        "salts_used": [
          "Fuck.",
          "Holy shit.",
          "I'm Rebecca fucking Welton.",
          "Thank you for your grace."
        ],
        "descriptor_strategy": "focused",
        "descriptors": [
          "Fuck.",
          "Holy shit.",
          "I'm Rebecca fucking Welton.",
          "Thank you for your grace."
        ],
        "duration_sec": 0.573,
        "error": null
      }
    ]
  }
}