{
  "name": "Scott E. Page",
  "source_file": "scott_page.json",
  "processed_at": "2026-01-09T05:37:55.709235",
  "run_count": 3,
  "strategy": "hybrid",
  "knowledge_builder": {
    "runs": 3,
    "embeddings": [
      {
        "run": 1,
        "dimensions": 1024,
        "embedding": [
          0.005663659423589706,
          0.031037183478474617,
          0.010074163787066936,
          0.03310706093907356,
          0.001958675915375352,
          0.0422670915722847,
          0.04397330805659294,
          0.04972601681947708,
          0.02173403650522232,
          0.03292301297187805,
          "..."
        ],
        "has_collected_knowledge": false,
        "descriptor_strategy": "focused",
        "descriptors": [
          "mathematically_rigorous",
          "systems_thinker",
          "diversity_advocate",
          "empirically_grounded",
          "intellectually_playful",
          "Cognitive diversity",
          "Empirical validation",
          "Mathematical rigor",
          "Emergent intelligence",
          "Inclusive problem-solving",
          "complexity_science",
          "collective_intelligence",
          "diversity_analysis",
          "model_building",
          "game_theory"
        ],
        "duration_sec": 0.12,
        "error": null
      },
      {
        "run": 2,
        "dimensions": 1024,
        "embedding": [
          0.008801387622952461,
          0.04877018555998802,
          0.007916128262877464,
          0.011749478057026863,
          0.0441916324198246,
          0.051584795117378235,
          0.001200892380438745,
          0.03292921185493469,
          0.034038692712783813,
          0.053516559302806854,
          "..."
        ],
        "has_collected_knowledge": false,
        "descriptor_strategy": "diverse",
        "descriptors": [
          "mathematically_rigorous",
          "Cognitive diversity",
          "complexity_science",
          "game_theory",
          "Builds models for everything",
          "Diversity trumps ability when four conditions are met.",
          "systems_thinker",
          "Empirical validation",
          "collective_intelligence",
          "agent_based_modeling",
          "Sees diversity as fundamental",
          "No single model captures everything - we need a lattice of models.",
          "diversity_advocate"
        ],
        "duration_sec": 0.129,
        "error": null
      },
      {
        "run": 3,
        "dimensions": 1024,
        "embedding": [
          0.04065792262554169,
          0.016027305275201797,
          0.04163212329149246,
          0.04532309249043465,
          0.014714947901666164,
          0.010356515645980835,
          0.03601393476128578,
          0.02363523654639721,
          0.0013806249480694532,
          0.02624564804136753,
          "..."
        ],
        "has_collected_knowledge": false,
        "descriptor_strategy": "focused",
        "descriptors": [
          "mathematically_rigorous",
          "systems_thinker",
          "diversity_advocate",
          "empirically_grounded",
          "intellectually_playful",
          "Cognitive diversity",
          "Empirical validation",
          "Mathematical rigor",
          "Emergent intelligence",
          "Inclusive problem-solving",
          "complexity_science",
          "collective_intelligence",
          "diversity_analysis",
          "model_building",
          "game_theory"
        ],
        "duration_sec": 0.159,
        "error": null
      }
    ]
  },
  "skill_builder": {
    "runs": 3,
    "embeddings": [
      {
        "run": 1,
        "dimensions": 1024,
        "embedding": [
          0.02816423587501049,
          0.0018918922869488597,
          0.030282460153102875,
          0.017997408285737038,
          0.017711268737912178,
          0.042731981724500656,
          0.017607755959033966,
          0.030775070190429688,
          0.04928533360362053,
          0.025435686111450195,
          "..."
        ],
        "skill_count": 5,
        "salts_used": [
          "mathematically_rigorous",
          "systems_thinker",
          "diversity_advocate",
          "empirically_grounded",
          "intellectually_playful",
          "Cognitive diversity",
          "Empirical validation",
          "Mathematical rigor",
          "Emergent intelligence",
          "Inclusive problem-solving",
          "complexity_science",
          "collective_intelligence",
          "diversity_analysis",
          "model_building",
          "game_theory"
        ],
        "descriptor_strategy": "focused",
        "descriptors": [
          "mathematically_rigorous",
          "systems_thinker",
          "diversity_advocate",
          "empirically_grounded",
          "intellectually_playful",
          "Cognitive diversity",
          "Empirical validation",
          "Mathematical rigor",
          "Emergent intelligence",
          "Inclusive problem-solving",
          "complexity_science",
          "collective_intelligence",
          "diversity_analysis",
          "model_building",
          "game_theory"
        ],
        "duration_sec": 0.704,
        "error": null
      },
      {
        "run": 2,
        "dimensions": 1024,
        "embedding": [
          0.05141943693161011,
          0.0005897682858631015,
          0.02052532508969307,
          0.036121953278779984,
          0.004962662234902382,
          0.04443202540278435,
          0.04505119472742081,
          0.024222321808338165,
          0.03540704399347305,
          0.027245378121733665,
          "..."
        ],
        "skill_count": 5,
        "salts_used": [
          "mathematically_rigorous",
          "Cognitive diversity",
          "complexity_science",
          "game_theory",
          "Builds models for everything",
          "Diversity trumps ability when four conditions are met.",
          "systems_thinker",
          "Empirical validation",
          "collective_intelligence",
          "agent_based_modeling",
          "Sees diversity as fundamental",
          "No single model captures everything - we need a lattice of models.",
          "diversity_advocate"
        ],
        "descriptor_strategy": "diverse",
        "descriptors": [
          "mathematically_rigorous",
          "Cognitive diversity",
          "complexity_science",
          "game_theory",
          "Builds models for everything",
          "Diversity trumps ability when four conditions are met.",
          "systems_thinker",
          "Empirical validation",
          "collective_intelligence",
          "agent_based_modeling",
          "Sees diversity as fundamental",
          "No single model captures everything - we need a lattice of models.",
          "diversity_advocate"
        ],
        "duration_sec": 0.702,
        "error": null
      },
      {
        "run": 3,
        "dimensions": 1024,
        "embedding": [
          0.030869077891111374,
          0.028630422428250313,
          0.04173397645354271,
          0.00400342745706439,
          0.002165318001061678,
          0.023686738684773445,
          0.04271858558058739,
          0.02077016979455948,
          0.022454900667071342,
          0.006231230217963457,
          "..."
        ],
        "skill_count": 5,
        "salts_used": [
          "mathematically_rigorous",
          "systems_thinker",
          "diversity_advocate",
          "empirically_grounded",
          "intellectually_playful",
          "Cognitive diversity",
          "Empirical validation",
          "Mathematical rigor",
          "Emergent intelligence",
          "Inclusive problem-solving",
          "complexity_science",
          "collective_intelligence",
          "diversity_analysis",
          "model_building",
          "game_theory"
        ],
        "descriptor_strategy": "focused",