{
  "name": "Sir John Falstaff",
  "source_file": "jack_falstaff.json",
  "processed_at": "2026-01-09T05:37:12.734407",
  "run_count": 3,
  "strategy": "hybrid",
  "knowledge_builder": {
    "runs": 3,
    "embeddings": [
      {
        "run": 1,
        "dimensions": 1024,
        "embedding": [
          0.0047900741919875145,
          0.0036764848046004772,
          0.034065261483192444,
          0.01913057453930378,
          0.03799344226717949,
          0.018292101100087166,
          0.011375723406672478,
          0.033605899661779404,
          0.013456429354846478,
          0.05062572658061981,
          "..."
        ],
        "has_collected_knowledge": false,
        "descriptor_strategy": "focused",
        "descriptors": [
          "Wit and wordplay",
          "Self-preservation and survival",
          "Social manipulation and charm"
        ],
        "duration_sec": 0.113,
        "error": null
      },
      {
        "run": 2,
        "dimensions": 1024,
        "embedding": [
          0.04254300892353058,
          0.039680834859609604,
          0.043750032782554626,
          0.05049559473991394,
          0.03979329392313957,
          0.0490323007106781,
          0.024748360738158226,
          0.02397180162370205,
          0.02747192606329918,
          0.020159563049674034,
          "..."
        ],
        "has_collected_knowledge": false,
        "descriptor_strategy": "diverse",
        "descriptors": [
          "Wit and wordplay",
          "Self-preservation and survival",
          "Social manipulation and charm"
        ],
        "duration_sec": 0.115,
        "error": null
      },
      {
        "run": 3,
        "dimensions": 1024,
        "embedding": [
          0.009257970377802849,
          0.053124263882637024,
          0.036600396037101746,
          0.0072486926801502705,
          0.053624190390110016,
          0.05091492459177971,
          0.027839576825499535,
          0.004055419936776161,
          0.011282280087471008,
          0.021265512332320213,
          "..."
        ],
        "has_collected_knowledge": false,
        "descriptor_strategy": "focused",
        "descriptors": [
          "Wit and wordplay",
          "Self-preservation and survival",
          "Social manipulation and charm"
        ],
        "duration_sec": 0.118,
        "error": null
      }
    ]
  },
  "skill_builder": {
    "runs": 3,
    "embeddings": [
      {
        "run": 1,
        "dimensions": 1024,
        "embedding": [
          0.004121602047234774,
          0.002605849178507924,
          0.04676513373851776,
          0.03581921383738518,
          0.017856070771813393,
          0.02435649186372757,
          0.018577471375465393,
          0.01792909763753414,
          0.012520872987806797,
          0.015420102514326572,
          "..."
        ],
        "skill_count": 3,
        "salts_used": [
          "Wit and wordplay",
          "Self-preservation and survival",
          "Social manipulation and charm"
        ],
        "descriptor_strategy": "focused",
        "descriptors": [
          "Wit and wordplay",
          "Self-preservation and survival",
          "Social manipulation and charm"
        ],
        "duration_sec": 0.454,
        "error": null
      },
      {
        "run": 2,
        "dimensions": 1024,
        "embedding": [
          0.04702909663319588,
          0.039258792996406555,
          0.00813133642077446,
          0.011259105987846851,
          0.033990055322647095,
          0.042475275695323944,
          0.010158505290746689,
          0.003642653813585639,
          0.017864929512143135,
          0.047053102403879166,
          "..."
        ],
        "skill_count": 3,
        "salts_used": [
          "Wit and wordplay",
          "Self-preservation and survival",
          "Social manipulation and charm"
        ],
        "descriptor_strategy": "diverse",
        "descriptors": [
          "Wit and wordplay",
          "Self-preservation and survival",
          "Social manipulation and charm"
        ],
        "duration_sec": 0.458,
        "error": null
      },
      {
        "run": 3,
        "dimensions": 1024,
        "embedding": [
          0.003618462011218071,
          0.03103306144475937,
          0.021488526836037636,
          0.03800079971551895,
          0.04098096862435341,
          0.00406820559874177,
          0.0470191165804863,
          0.017640089616179466,
          0.01939062587916851,
          0.02542903460562229,
          "..."
        ],
        "skill_count": 3,
        "salts_used": [
          "Wit and wordplay",
          "Self-preservation and survival",
          "Social manipulation and charm"
        ],
        "descriptor_strategy": "focused",
        "descriptors": [
          "Wit and wordplay",
          "Self-preservation and survival",
          "Social manipulation and charm"
        ],
        "duration_sec": 0.451,
        "error": null
      }
    ]
  }
}