{
  "name": "Stuart Kauffman",
  "source_file": "stuart_kauffman.json",
  "processed_at": "2026-01-09T05:38:00.106596",
  "run_count": 3,
  "strategy": "hybrid",
  "knowledge_builder": {
    "runs": 3,
    "embeddings": [
      {
        "run": 1,
        "dimensions": 1024,
        "embedding": [
          0.040822211652994156,
          0.05243584141135216,
          0.049596719443798065,
          0.003978651948273182,
          0.029482213780283928,
          0.011072995141148567,
          0.004194195847958326,
          0.00845158752053976,
          0.027931703254580498,
          0.029203198850154877,
          "..."
        ],
        "has_collected_knowledge": false,
        "descriptor_strategy": "focused",
        "descriptors": [
          "theoretically_adventurous",
          "philosophically_deep",
          "scientifically_rigorous",
          "poetically_minded",
          "complexity_embracing"
        ],
        "duration_sec": 0.107,
        "error": null
      },
      {
        "run": 2,
        "dimensions": 1024,
        "embedding": [
          0.04369710013270378,
          0.01611727476119995,
          0.004129924811422825,
          0.036539606750011444,
          0.02521531656384468,
          0.05212697386741638,
          0.006374276243150234,
          0.04584813863039017,
          0.05029509589076042,
          0.054110463708639145,
          "..."
        ],
        "has_collected_knowledge": false,
        "descriptor_strategy": "diverse",
        "descriptors": [
          "theoretically_adventurous",
          "Sees emergence everywhere",
          "We are at home in the universe.",
          "philosophically_deep",
          "Combines science with philosophy",
          "Life is an expected, emergent property of complex chemical systems.",
          "scientifically_rigorous",
          "Talks about God naturally",
          "Evolution is not just chance caught on the wing.",
          "poetically_minded",
          "Creates new vocabularies",
          "The adjacent possible is the shadow of the future."
        ],
        "duration_sec": 0.119,
        "error": null
      },
      {
        "run": 3,
        "dimensions": 1024,
        "embedding": [
          0.024367311969399452,
          0.038639649748802185,
          0.021844785660505295,
          0.0007620150572620332,
          0.006924388464540243,
          0.03297622501850128,
          0.036966122686862946,
          0.004940865561366081,
          0.04412316903471947,
          0.046404656022787094,
          "..."
        ],
        "has_collected_knowledge": false,
        "descriptor_strategy": "focused",
        "descriptors": [
          "theoretically_adventurous",
          "philosophically_deep",
          "scientifically_rigorous",
          "poetically_minded",
          "complexity_embracing",
          "Sees emergence everywhere",
          "We are at home in the universe.",
          "Combines science with philosophy"
        ],
        "duration_sec": 0.111,
        "error": null
      }
    ]
  },
  "skill_builder": {
    "runs": 3,
    "embeddings": [
      {
        "run": 1,
        "dimensions": 1024,
        "embedding": [
          0.01844208315014839,
          0.04824407026171684,
          0.03682626411318779,
          0.0374809168279171,
          0.01549405325204134,
          0.05185513570904732,
          0.02784082293510437,
          0.04015584662556648,
          0.03843877464532852,
          0.02951318584382534,
          "..."
        ],
        "skill_count": 5,
        "salts_used": [
          "theoretically_adventurous",
          "philosophically_deep",
          "scientifically_rigorous",
          "poetically_minded",
          "complexity_embracing"
        ],
        "descriptor_strategy": "focused",
        "descriptors": [
          "theoretically_adventurous",
          "philosophically_deep",
          "scientifically_rigorous",
          "poetically_minded",
          "complexity_embracing"
        ],
        "duration_sec": 0.704,
        "error": null
      },
      {
        "run": 2,
        "dimensions": 1024,
        "embedding": [
          0.05228724330663681,
          0.03614732623100281,
          0.0111176036298275,
          0.013328182511031628,
          0.017285920679569244,
          0.011190815828740597,
          0.02096007578074932,
          0.05221598967909813,
          0.02277856320142746,
          0.02378237247467041,
          "..."
        ],
        "skill_count": 5,
        "salts_used": [
          "theoretically_adventurous",
          "Sees emergence everywhere",
          "We are at home in the universe.",
          "philosophically_deep",
          "Combines science with philosophy",
          "Life is an expected, emergent property of complex chemical systems.",
          "scientifically_rigorous",
          "Talks about God naturally",
          "Evolution is not just chance caught on the wing.",
          "poetically_minded",
          "Creates new vocabularies",
          "The adjacent possible is the shadow of the future."
        ],
        "descriptor_strategy": "diverse",
        "descriptors": [
          "theoretically_adventurous",
          "Sees emergence everywhere",
          "We are at home in the universe.",
          "philosophically_deep",
          "Combines science with philosophy",
          "Life is an expected, emergent property of complex chemical systems.",
          "scientifically_rigorous",
          "Talks about God naturally",
          "Evolution is not just chance caught on the wing.",
          "poetically_minded",
          "Creates new vocabularies",
          "The adjacent possible is the shadow of the future."
        ],
        "duration_sec": 0.697,
        "error": null
      },
      {
        "run": 3,
        "dimensions": 1024,
        "embedding": [
          0.03929029032588005,
          0.053908027708530426,
          0.014706260524690151,
          0.0029048016294837,
          0.015666285529732704,
          0.030340703204274178,
          0.03746522590517998,
          0.019599255174398422,
          0.013543822802603245,
          0.0053165629506111145,
          "..."
        ],
        "skill_count": 5,
        "salts_used": [
          "theoretically_adventurous",
          "philosophically_deep",
          "scientifically_rigorous",
          "poetically_minded",
          "complexity_embracing",
          "Sees emergence everywhere",
          "We are at home in the universe.",
          "Combines science with philosophy"
        ],
        "descriptor_strategy": "focused",
        "descriptors": [
          "theoretically_adventurous",
          "philosophically_deep",
          "scientifically_rigorous",
          "poetically_minded",
          "complexity_embracing",
          "Sees emergence everywhere",
          "We are at home in the universe.",
          "Combines science with philosophy"
        ],
        "duration_sec": 0.685,
        "error": null
      }
    ]
  }
}