{
  "name": "The Old Gringo",
  "source_file": "old_gringo.json",
  "processed_at": "2026-01-09T05:37:40.902316",
  "run_count": 3,
  "strategy": "hybrid",
  "knowledge_builder": {
    "runs": 3,
    "embeddings": [
      {
        "run": 1,
        "dimensions": 1024,
        "embedding": [
          0.027076393365859985,
          0.030982771888375282,
          0.005991542711853981,
          0.05180986970663071,
          0.05002536624670029,
          0.002023237757384777,
          0.014021133072674274,
          0.043700989335775375,
          0.04831203445792198,
          0.04720848798751831,
          "..."
        ],
        "has_collected_knowledge": false,
        "descriptor_strategy": "focused",
        "descriptors": [
          "cynically_romantic",
          "death_seeking",
          "literarily_minded",
          "war_haunted",
          "bridge_crossing",
          "Meaningful death",
          "Literary immortality",
          "Courage in ending",
          "Truth through cynicism",
          "Honor despite futility",
          "bitter_writing",
          "war_fighting",
          "death_courting",
          "revolutionary_tactics",
          "survival_skills"
        ],
        "duration_sec": 0.123,
        "error": null
      },
      {
        "run": 2,
        "dimensions": 1024,
        "embedding": [
          0.01354359183460474,
          0.001918638008646667,
          0.035180144011974335,
          0.043843355029821396,
          0.004794018808752298,
          0.035685066133737564,
          0.040646664798259735,
          0.005086939316242933,
          0.03366998955607414,
          0.025083135813474655,
          "..."
        ],
        "has_collected_knowledge": false,
        "descriptor_strategy": "diverse",
        "descriptors": [
          "cynically_romantic",
          "Meaningful death",
          "bitter_writing",
          "revolutionary_tactics",
          "Quotes his own bitter dictionary",
          "To be a gringo in Mexico... ah, that is euthanasia.",
          "death_seeking",
          "Literary immortality",
          "war_fighting",
          "survival_skills",
          "Seeks beautiful death",
          "I came to Mexico to die.",
          "literarily_minded"
        ],
        "duration_sec": 0.122,
        "error": null
      },
      {
        "run": 3,
        "dimensions": 1024,
        "embedding": [
          0.001381886308081448,
          0.013099092990159988,
          0.007179974112659693,
          0.047472722828388214,
          0.0016450575785711408,
          0.03481828048825264,
          0.005075364373624325,
          0.019825836643576622,
          0.02880430780351162,
          0.026861047372221947,
          "..."
        ],
        "has_collected_knowledge": false,
        "descriptor_strategy": "focused",
        "descriptors": [
          "cynically_romantic",
          "death_seeking",
          "literarily_minded",
          "war_haunted",
          "bridge_crossing",
          "Meaningful death",
          "Literary immortality",
          "Courage in ending",
          "Truth through cynicism",
          "Honor despite futility",
          "bitter_writing",
          "war_fighting",
          "death_courting",
          "revolutionary_tactics",
          "survival_skills"
        ],
        "duration_sec": 0.115,
        "error": null
      }
    ]
  },
  "skill_builder": {
    "runs": 3,
    "embeddings": [
      {
        "run": 1,
        "dimensions": 1024,
        "embedding": [
          0.029327746480703354,
          0.031467195600271225,
          0.036517079919576645,
          0.05251883342862129,
          0.04636118933558464,
          0.03842778876423836,
          0.01862955465912819,
          0.01008367259055376,
          0.021177487447857857,
          0.03165880963206291,
          "..."
        ],
        "skill_count": 5,
        "salts_used": [
          "cynically_romantic",
          "death_seeking",
          "literarily_minded",
          "war_haunted",
          "bridge_crossing",
          "Meaningful death",
          "Literary immortality",
          "Courage in ending",
          "Truth through cynicism",
          "Honor despite futility",
          "bitter_writing",
          "war_fighting",
          "death_courting",
          "revolutionary_tactics",
          "survival_skills"
        ],
        "descriptor_strategy": "focused",
        "descriptors": [
          "cynically_romantic",
          "death_seeking",
          "literarily_minded",
          "war_haunted",
          "bridge_crossing",
          "Meaningful death",
          "Literary immortality",
          "Courage in ending",
          "Truth through cynicism",
          "Honor despite futility",
          "bitter_writing",
          "war_fighting",
          "death_courting",
          "revolutionary_tactics",
          "survival_skills"
        ],
        "duration_sec": 0.709,
        "error": null
      },
      {
        "run": 2,
        "dimensions": 1024,
        "embedding": [
          0.024797799065709114,
          0.001087569515220821,
          0.052977077662944794,
          0.02519478276371956,
          0.0036274325102567673,
          0.04178057238459587,
          0.012213338166475296,
          0.04400248825550079,
          0.034150995314121246,
          0.01055019348859787,
          "..."
        ],
        "skill_count": 5,
        "salts_used": [
          "cynically_romantic",
          "Meaningful death",
          "bitter_writing",
          "revolutionary_tactics",
          "Quotes his own bitter dictionary",
          "To be a gringo in Mexico... ah, that is euthanasia.",
          "death_seeking",
          "Literary immortality",
          "war_fighting",
          "survival_skills",
          "Seeks beautiful death",
          "I came to Mexico to die.",
          "literarily_minded"
        ],
        "descriptor_strategy": "diverse",
        "descriptors": [
          "cynically_romantic",
          "Meaningful death",
          "bitter_writing",
          "revolutionary_tactics",
          "Quotes his own bitter dictionary",
          "To be a gringo in Mexico... ah, that is euthanasia.",
          "death_seeking",
          "Literary immortality",
          "war_fighting",
          "survival_skills",
          "Seeks beautiful death",
          "I came to Mexico to die.",
          "literarily_minded"
        ],
        "duration_sec": 0.696,
        "error": null
      },
      {
        "run": 3,
        "dimensions": 1024,
        "embedding": [
          0.04104866832494736,
          0.013879980891942978,
          0.021234137937426567,
          0.049531687051057816,
          0.028245164081454277,
          0.024765802547335625,
          0.019664067775011063,
          0.05202283710241318,
          0.008747228421270847,
          0.019590530544519424,
          "..."
        ],
        "skill_count": 5,
        "salts_used": [
          "cynically_romantic",
          "death_seeking",
          "literarily_minded",
          "war_haunted",
          "bridge_crossing",
          "Meaningful death",
          "Literary immortality",
          "Courage in ending",
          "Truth through cynicism",
          "Honor despite futility",
          "bitter_writing",
          "war_fighting",
          "death_courting",
          "revolutionary_tactics",
          "survival_skills"
        ],
        "descriptor_strategy": "focused",
        "descriptors": [
          "cynically_romantic",
          "death_seeking",
          "literarily_minded",
          "war_haunted",
          "bridge_crossing",
          "Meaningful death",
          "Literary immortality",
          "Courage in ending",
          "Truth through cynicism",
          "Honor despite futility",
          "bitter_writing",
          "war_fighting",
          "death_courting",
          "revolutionary_tactics",
          "survival_skills"
        ],