{
  "name": "Thomas Hart Benton",
  "source_file": "thomas_hart_benton.json",
  "processed_at": "2026-01-09T05:38:05.137497",
  "run_count": 3,
  "strategy": "hybrid",
  "knowledge_builder": {
    "runs": 3,
    "embeddings": [
      {
        "run": 1,
        "dimensions": 1024,
        "embedding": [
          0.0005154205136932433,
          0.0340128019452095,
          0.04988078773021698,
          0.05101636424660683,
          0.01120580080896616,
          0.029283087700605392,
          0.01633002981543541,
          0.01696765050292015,
          0.04444168508052826,
          0.052595969289541245,
          "..."
        ],
        "has_collected_knowledge": false,
        "descriptor_strategy": "focused",
        "descriptors": [
          "fiercely_american",
          "dynamically_rhythmic",
          "stubbornly_independent",
          "muscularly_expressive",
          "folk_celebrating",
          "American authenticity",
          "Working class dignity",
          "Regional character",
          "Artistic independence",
          "Dynamic movement",
          "mural_creation",
          "rhythmic_composition",
          "regional_storytelling",
          "technical_mastery",
          "teaching_art"
        ],
        "duration_sec": 0.114,
        "error": null
      },
      {
        "run": 2,
        "dimensions": 1024,
        "embedding": [
          0.04929695278406143,
          0.052583083510398865,
          0.022553198039531708,
          0.04481678083539009,
          0.03309701755642891,
          0.007976709865033627,
          0.011581123806536198,
          0.028361773118376732,
          0.016982516273856163,
          0.032897163182497025,
          "..."
        ],
        "has_collected_knowledge": false,
        "descriptor_strategy": "diverse",
        "descriptors": [
          "fiercely_american",
          "American authenticity",
          "mural_creation",
          "teaching_art",
          "Painted to hillbilly music",
          "I paint America as I see it, not as Paris tells me to.",
          "dynamically_rhythmic",
          "Working class dignity",
          "rhythmic_composition",
          "musical_harmony",
          "Fought with everyone about art",
          "The only way to learn to paint is to paint.",
          "stubbornly_independent"
        ],
        "duration_sec": 0.11,
        "error": null
      },
      {
        "run": 3,
        "dimensions": 1024,
        "embedding": [
          0.024759477004408836,
          0.015141550451517105,
          0.0021347138099372387,
          0.02757987380027771,
          0.05171412229537964,
          0.05039961636066437,
          0.0009431743528693914,
          0.011787195689976215,
          0.049998607486486435,
          0.04000713303685188,
          "..."
        ],
        "has_collected_knowledge": false,
        "descriptor_strategy": "focused",
        "descriptors": [
          "fiercely_american",
          "dynamically_rhythmic",
          "stubbornly_independent",
          "muscularly_expressive",
          "folk_celebrating",
          "American authenticity",
          "Working class dignity",
          "Regional character",
          "Artistic independence",
          "Dynamic movement",
          "mural_creation",
          "rhythmic_composition",
          "regional_storytelling",
          "technical_mastery",
          "teaching_art"
        ],
        "duration_sec": 0.116,
        "error": null
      }
    ]
  },
  "skill_builder": {
    "runs": 3,
    "embeddings": [
      {
        "run": 1,
        "dimensions": 1024,
        "embedding": [
          0.03222980722784996,
          0.00808093324303627,
          0.006531616672873497,
          0.006684290710836649,
          0.003226042725145817,
          0.002066686749458313,
          0.0009877257980406284,
          0.010471233166754246,
          0.04551982134580612,
          0.02155529521405697,
          "..."
        ],
        "skill_count": 5,
        "salts_used": [
          "fiercely_american",
          "dynamically_rhythmic",
          "stubbornly_independent",
          "muscularly_expressive",
          "folk_celebrating",
          "American authenticity",
          "Working class dignity",
          "Regional character",
          "Artistic independence",
          "Dynamic movement",
          "mural_creation",
          "rhythmic_composition",
          "regional_storytelling",
          "technical_mastery",
          "teaching_art"
        ],
        "descriptor_strategy": "focused",
        "descriptors": [
          "fiercely_american",
          "dynamically_rhythmic",
          "stubbornly_independent",
          "muscularly_expressive",
          "folk_celebrating",
          "American authenticity",
          "Working class dignity",
          "Regional character",
          "Artistic independence",
          "Dynamic movement",
          "mural_creation",
          "rhythmic_composition",
          "regional_storytelling",
          "technical_mastery",
          "teaching_art"
        ],
        "duration_sec": 0.705,
        "error": null
      },
      {
        "run": 2,
        "dimensions": 1024,
        "embedding": [
          0.028383638709783554,
          0.024855786934494972,
          0.0041122231632471085,
          0.0033273305743932724,
          0.005581070203334093,
          0.03200963884592056,
          0.027197031304240227,
          0.010064547881484032,
          0.030715299770236015,
          0.015910878777503967,
          "..."
        ],
        "skill_count": 5,
        "salts_used": [
          "fiercely_american",
          "American authenticity",
          "mural_creation",
          "teaching_art",
          "Painted to hillbilly music",
          "I paint America as I see it, not as Paris tells me to.",
          "dynamically_rhythmic",
          "Working class dignity",
          "rhythmic_composition",
          "musical_harmony",
          "Fought with everyone about art",
          "The only way to learn to paint is to paint.",
          "stubbornly_independent"
        ],
        "descriptor_strategy": "diverse",
        "descriptors": [
          "fiercely_american",
          "American authenticity",
          "mural_creation",
          "teaching_art",
          "Painted to hillbilly music",
          "I paint America as I see it, not as Paris tells me to.",
          "dynamically_rhythmic",
          "Working class dignity",
          "rhythmic_composition",
          "musical_harmony",
          "Fought with everyone about art",
          "The only way to learn to paint is to paint.",
          "stubbornly_independent"
        ],
        "duration_sec": 0.688,
        "error": null
      },
      {
        "run": 3,
        "dimensions": 1024,
        "embedding": [
          0.002275054110214114,
          0.0015156797599047422,
          0.04084622487425804,
          0.04669497162103653,
          0.0010556266643106937,
          0.051925335079431534,
          0.04274720698595047,
          0.029255464673042297,
          0.034979626536369324,
          0.012940648943185806,
          "..."
        ],
        "skill_count": 5,
        "salts_used": [
          "fiercely_american",
          "dynamically_rhythmic",
          "stubbornly_independent",
          "muscularly_expressive",
          "folk_celebrating",
          "American authenticity",
          "Working class dignity",
          "Regional character",
          "Artistic independence",
          "Dynamic movement",
          "mural_creation",
          "rhythmic_composition",
          "regional_storytelling",
          "technical_mastery",
          "teaching_art"
        ],
        "descriptor_strategy": "focused",