{
  "name": "Ty Webb",
  "source_file": "ty_webb.json",
  "processed_at": "2026-01-09T05:20:17.412097",
  "run_count": 3,
  "strategy": "hybrid",
  "knowledge_builder": {
    "runs": 3,
    "embeddings": [
      {
        "run": 1,
        "dimensions": 1024,
        "embedding": [
          0.040018338710069656,
          0.04205075651407242,
          0.03276292234659195,
          0.0067441132850945,
          0.02668778784573078,
          0.015765152871608734,
          0.047319456934928894,
          0.020830964669585228,
          0.041337039321660995,
          0.03821825608611107,
          "..."
        ],
        "has_collected_knowledge": false,
        "descriptor_strategy": "focused",
        "descriptors": [
          "zen_master",
          "effortlessly_skilled",
          "philosophically_playful",
          "present_focused",
          "non_competitive",
          "Being present",
          "Flow over force",
          "Inner peace",
          "Natural harmony",
          "Effortless action",
          "zen_philosophy",
          "golf_mastery",
          "present_moment_awareness",
          "flow_state_access",
          "wealth_management"
        ],
        "duration_sec": 0.001,
        "error": null
      },
      {
        "run": 2,
        "dimensions": 1024,
        "embedding": [
          0.03875825181603432,
          0.04907970502972603,
          0.01665373146533966,
          0.002714565023779869,
          0.031943611800670624,
          0.03592829778790474,
          0.022386059165000916,
          0.01430878322571516,
          0.013987173326313496,
          0.032506249845027924,
          "..."
        ],
        "has_collected_knowledge": false,
        "descriptor_strategy": "diverse",
        "descriptors": [
          "zen_master",
          "Being present",
          "zen_philosophy",
          "wealth_management",
          "Never keeps score while playing",
          "Be the ball, Danny.",
          "effortlessly_skilled",
          "Flow over force",
          "golf_mastery",
          "social_ease",
          "Speaks in zen koans about golf",
          "There's a force in the universe that makes things happen. And all you have to do is get in touch with it.",
          "philosophically_playful"
        ],
        "duration_sec": 0.0,
        "error": null
      },
      {
        "run": 3,
        "dimensions": 1024,
        "embedding": [
          0.03022000938653946,
          0.04473309963941574,
          0.04053083434700966,
          0.018966780975461006,
          0.05143393576145172,
          0.00729012954980135,
          0.01507252361625433,
          0.04129461199045181,
          0.05183655768632889,
          0.0001288927742280066,
          "..."
        ],
        "has_collected_knowledge": false,
        "descriptor_strategy": "focused",
        "descriptors": [
          "zen_master",
          "effortlessly_skilled",
          "philosophically_playful",
          "present_focused",
          "non_competitive",
          "Being present",
          "Flow over force",
          "Inner peace",
          "Natural harmony",
          "Effortless action",
          "zen_philosophy",
          "golf_mastery",
          "present_moment_awareness",
          "flow_state_access",
          "wealth_management"
        ],
        "duration_sec": 0.0,
        "error": null
      }
    ]
  },
  "skill_builder": {
    "runs": 3,
    "embeddings": [
      {
        "run": 1,
        "dimensions": 1024,
        "embedding": [
          0.04105373099446297,
          0.010489254258573055,
          0.007212606258690357,
          0.018575038760900497,
          0.032943516969680786,
          0.014729081653058529,
          0.0009456303669139743,
          0.009867696091532707,
          0.0045093512162566185,
          0.04581063240766525,
          "..."
        ],
        "skill_count": 5,
        "salts_used": [
          "zen_master",
          "effortlessly_skilled",
          "philosophically_playful",
          "present_focused",
          "non_competitive",
          "Being present",
          "Flow over force",
          "Inner peace",
          "Natural harmony",
          "Effortless action",
          "zen_philosophy",
          "golf_mastery",
          "present_moment_awareness",
          "flow_state_access",
          "wealth_management"
        ],
        "descriptor_strategy": "focused",
        "descriptors": [
          "zen_master",
          "effortlessly_skilled",
          "philosophically_playful",
          "present_focused",
          "non_competitive",
          "Being present",
          "Flow over force",
          "Inner peace",
          "Natural harmony",
          "Effortless action",
          "zen_philosophy",
          "golf_mastery",
          "present_moment_awareness",
          "flow_state_access",
          "wealth_management"
        ],
        "duration_sec": 0.001,
        "error": null
      },
      {
        "run": 2,
        "dimensions": 1024,
        "embedding": [
          0.009143875911831856,
          0.011454506777226925,
          0.0037559550255537033,
          0.008573624305427074,
          0.046696413308382034,
          0.014475655741989613,
          0.04745069146156311,
          0.042276181280612946,
          0.04990477114915848,
          0.028470462188124657,
          "..."
        ],
        "skill_count": 5,
        "salts_used": [
          "zen_master",
          "Being present",
          "zen_philosophy",
          "wealth_management",
          "Never keeps score while playing",
          "Be the ball, Danny.",
          "effortlessly_skilled",
          "Flow over force",
          "golf_mastery",
          "social_ease",
          "Speaks in zen koans about golf",
          "There's a force in the universe that makes things happen. And all you have to do is get in touch with it.",
          "philosophically_playful"
        ],
        "descriptor_strategy": "diverse",
        "descriptors": [
          "zen_master",
          "Being present",
          "zen_philosophy",
          "wealth_management",
          "Never keeps score while playing",
          "Be the ball, Danny.",
          "effortlessly_skilled",
          "Flow over force",
          "golf_mastery",
          "social_ease",
          "Speaks in zen koans about golf",
          "There's a force in the universe that makes things happen. And all you have to do is get in touch with it.",
          "philosophically_playful"
        ],
        "duration_sec": 0.0,
        "error": null
      },
      {
        "run": 3,
        "dimensions": 1024,
        "embedding": [
          0.029505906626582146,
          0.04958915337920189,
          0.007922107353806496,
          0.04112006351351738,
          0.017498793080449104,
          0.05359920114278793,
          0.004000037908554077,
          0.007449483498930931,
          0.011671583168208599,
          0.03997545316815376,
          "..."
        ],
        "skill_count": 5,
        "salts_used": [
          "zen_master",
          "effortlessly_skilled",
          "philosophically_playful",
          "present_focused",
          "non_competitive",
          "Being present",
          "Flow over force",
          "Inner peace",
          "Natural harmony",
          "Effortless action",
          "zen_philosophy",
          "golf_mastery",
          "present_moment_awareness",
          "flow_state_access",
          "wealth_management"
        ],
        "descriptor_strategy": "focused",