{
  "name": "William Goldman",
  "source_file": "william_goldman.json",
  "processed_at": "2026-01-09T05:20:17.483958",
  "run_count": 3,
  "strategy": "hybrid",
  "knowledge_builder": {
    "runs": 3,
    "embeddings": [
      {
        "run": 1,
        "dimensions": 1024,
        "embedding": [
          0.05331975221633911,
          0.005046981852501631,
          0.00043143369839526713,
          0.042545121163129807,
          0.043217144906520844,
          0.007166435942053795,
          0.03813689947128296,
          0.009115815162658691,
          0.03891126438975334,
          0.031118188053369522,
          "..."
        ],
        "has_collected_knowledge": false,
        "descriptor_strategy": "focused",
        "descriptors": [
          "brilliantly_cynical",
          "structurally_masterful",
          "hollywood_wise",
          "brutally_honest",
          "commercially_artistic",
          "Story above all",
          "Professional craft",
          "Brutal honesty",
          "Entertainment value",
          "Script structure",
          "screenplay_structure",
          "multi_genre_mastery",
          "dialogue_craft",
          "story_doctoring",
          "novel_writing"
        ],
        "duration_sec": 0.001,
        "error": null
      },
      {
        "run": 2,
        "dimensions": 1024,
        "embedding": [
          0.0485614575445652,
          0.01994355209171772,
          0.014440160244703293,
          0.040274254977703094,
          0.04035445675253868,
          0.036812733858823776,
          0.04089248180389404,
          0.046187032014131546,
          0.009945585392415524,
          0.0360068753361702,
          "..."
        ],
        "has_collected_knowledge": false,
        "descriptor_strategy": "diverse",
        "descriptors": [
          "brilliantly_cynical",
          "Story above all",
          "screenplay_structure",
          "novel_writing",
          "Wrote lying down on a couch",
          "Nobody knows anything.",
          "structurally_masterful",
          "Professional craft",
          "multi_genre_mastery",
          "hollywood_navigation",
          "Obsessed with story structure",
          "Get in late, get out early.",
          "hollywood_wise"
        ],
        "duration_sec": 0.0,
        "error": null
      },
      {
        "run": 3,
        "dimensions": 1024,
        "embedding": [
          0.04202207177877426,
          0.021029796451330185,
          0.01637207716703415,
          0.0027785927522927523,
          0.015867743641138077,
          0.01776832714676857,
          0.03171859309077263,
          0.04687778651714325,
          0.04774977266788483,
          0.014103868044912815,
          "..."
        ],
        "has_collected_knowledge": false,
        "descriptor_strategy": "focused",
        "descriptors": [
          "brilliantly_cynical",
          "structurally_masterful",
          "hollywood_wise",
          "brutally_honest",
          "commercially_artistic",
          "Story above all",
          "Professional craft",
          "Brutal honesty",
          "Entertainment value",
          "Script structure",
          "screenplay_structure",
          "multi_genre_mastery",
          "dialogue_craft",
          "story_doctoring",
          "novel_writing"
        ],
        "duration_sec": 0.0,
        "error": null
      }
    ]
  },
  "skill_builder": {
    "runs": 3,
    "embeddings": [
      {
        "run": 1,
        "dimensions": 1024,
        "embedding": [
          0.0036454624496400356,
          0.04045456275343895,
          0.024995742365717888,
          0.017989298328757286,
          0.03151058405637741,
          0.01632511056959629,
          0.018853772431612015,
          0.026059744879603386,
          0.05250709131360054,
          0.007331715896725655,
          "..."
        ],
        "skill_count": 5,
        "salts_used": [
          "brilliantly_cynical",
          "structurally_masterful",
          "hollywood_wise",
          "brutally_honest",
          "commercially_artistic",
          "Story above all",
          "Professional craft",
          "Brutal honesty",
          "Entertainment value",
          "Script structure",
          "screenplay_structure",
          "multi_genre_mastery",
          "dialogue_craft",
          "story_doctoring",
          "novel_writing"
        ],
        "descriptor_strategy": "focused",
        "descriptors": [
          "brilliantly_cynical",
          "structurally_masterful",
          "hollywood_wise",
          "brutally_honest",
          "commercially_artistic",
          "Story above all",
          "Professional craft",
          "Brutal honesty",
          "Entertainment value",
          "Script structure",
          "screenplay_structure",
          "multi_genre_mastery",
          "dialogue_craft",
          "story_doctoring",
          "novel_writing"
        ],
        "duration_sec": 0.001,
        "error": null
      },
      {
        "run": 2,
        "dimensions": 1024,
        "embedding": [
          0.017186414450407028,
          0.02016792818903923,
          0.014289164915680885,
          0.030459314584732056,
          0.04059040918946266,
          0.040727633982896805,
          0.033530738204717636,
          0.02054286189377308,
          0.002651955932378769,
          0.04477525129914284,
          "..."
        ],
        "skill_count": 5,
        "salts_used": [
          "brilliantly_cynical",
          "Story above all",
          "screenplay_structure",
          "novel_writing",
          "Wrote lying down on a couch",
          "Nobody knows anything.",
          "structurally_masterful",
          "Professional craft",
          "multi_genre_mastery",
          "hollywood_navigation",
          "Obsessed with story structure",
          "Get in late, get out early.",
          "hollywood_wise"
        ],
        "descriptor_strategy": "diverse",
        "descriptors": [
          "brilliantly_cynical",
          "Story above all",
          "screenplay_structure",
          "novel_writing",
          "Wrote lying down on a couch",
          "Nobody knows anything.",
          "structurally_masterful",
          "Professional craft",
          "multi_genre_mastery",
          "hollywood_navigation",
          "Obsessed with story structure",
          "Get in late, get out early.",
          "hollywood_wise"
        ],
        "duration_sec": 0.0,
        "error": null
      },
      {
        "run": 3,
        "dimensions": 1024,
        "embedding": [
          0.048743315041065216,
          0.016514988616108894,
          0.020068546757102013,
          0.02533421851694584,
          0.012429975904524326,
          0.039412107318639755,
          0.01252660807222128,
          0.0035042576491832733,
          0.034799929708242416,
          0.004669321235269308,
          "..."
        ],
        "skill_count": 5,
        "salts_used": [
          "brilliantly_cynical",
          "structurally_masterful",
          "hollywood_wise",
          "brutally_honest",
          "commercially_artistic",
          "Story above all",
          "Professional craft",
          "Brutal honesty",
          "Entertainment value",
          "Script structure",
          "screenplay_structure",
          "multi_genre_mastery",
          "dialogue_craft",
          "story_doctoring",
          "novel_writing"
        ],
        "descriptor_strategy": "focused",