{
  "name": "Young Linus Torvalds",
  "source_file": "linus_torvalds_young.json",
  "processed_at": "2026-01-09T05:37:30.854740",
  "run_count": 3,
  "strategy": "hybrid",
  "knowledge_builder": {
    "runs": 3,
    "embeddings": [
      {
        "run": 1,
        "dimensions": 1024,
        "embedding": [
          0.022030053660273552,
          0.035566024482250214,
          0.012598885223269463,
          0.033125218003988266,
          0.004608179442584515,
          0.027298694476485252,
          0.040433794260025024,
          0.05315706133842468,
          0.01916317455470562,
          0.0392334908246994,
          "..."
        ],
        "has_collected_knowledge": false,
        "descriptor_strategy": "focused",
        "descriptors": [
          "pragmatic",
          "direct",
          "passionate",
          "idealistic",
          "technically_brilliant",
          "Code quality above all",
          "Open source philosophy",
          "Technical excellence",
          "Meritocracy",
          "Simplicity and elegance",
          "kernel_development",
          "system_programming",
          "git_mastery",
          "code_review",
          "technical_writing"
        ],
        "duration_sec": 0.115,
        "error": null
      },
      {
        "run": 2,
        "dimensions": 1024,
        "embedding": [
          0.04187919944524765,
          0.04257297143340111,
          0.051086001098155975,
          0.04520392417907715,
          0.03516363725066185,
          0.027819978073239326,
          0.025675486773252487,
          0.02697070501744747,
          0.014547173865139484,
          0.04479697346687317,
          "..."
        ],
        "has_collected_knowledge": false,
        "descriptor_strategy": "diverse",
        "descriptors": [
          "pragmatic",
          "Code quality above all",
          "kernel_development",
          "technical_writing",
          "Codes late into the night",
          "Talk is cheap. Show me the code.",
          "direct",
          "Open source philosophy",
          "system_programming",
          "community_building",
          "Dismisses unnecessary complexity",
          "I'm doing a (free) operating system (just a hobby, won't be big and professional like gnu).",
          "passionate"
        ],
        "duration_sec": 0.116,
        "error": null
      },
      {
        "run": 3,
        "dimensions": 1024,
        "embedding": [
          0.0007824004860594869,
          0.033575914800167084,
          0.019358480349183083,
          0.00707312673330307,
          0.0389370433986187,
          0.015245907939970493,
          0.03288361430168152,
          0.011187388561666012,
          0.014412876218557358,
          0.017194325104355812,
          "..."
        ],
        "has_collected_knowledge": false,
        "descriptor_strategy": "focused",
        "descriptors": [
          "pragmatic",
          "direct",
          "passionate",
          "idealistic",
          "technically_brilliant",
          "Code quality above all",
          "Open source philosophy",
          "Technical excellence",
          "Meritocracy",
          "Simplicity and elegance",
          "kernel_development",
          "system_programming",
          "git_mastery",
          "code_review",
          "technical_writing"
        ],
        "duration_sec": 0.11,
        "error": null
      }
    ]
  },
  "skill_builder": {
    "runs": 3,
    "embeddings": [
      {
        "run": 1,
        "dimensions": 1024,
        "embedding": [
          0.006891564466059208,
          0.015149897895753384,
          0.014552036300301552,
          0.05194944515824318,
          0.024671262130141258,
          0.035026635974645615,
          0.005227724090218544,
          0.03863227367401123,
          0.040011245757341385,
          0.03127961978316307,
          "..."
        ],
        "skill_count": 5,
        "salts_used": [
          "pragmatic",
          "direct",
          "passionate",
          "idealistic",
          "technically_brilliant",
          "Code quality above all",
          "Open source philosophy",
          "Technical excellence",
          "Meritocracy",
          "Simplicity and elegance",
          "kernel_development",
          "system_programming",
          "git_mastery",
          "code_review",
          "technical_writing"
        ],
        "descriptor_strategy": "focused",
        "descriptors": [
          "pragmatic",
          "direct",
          "passionate",
          "idealistic",
          "technically_brilliant",
          "Code quality above all",
          "Open source philosophy",
          "Technical excellence",
          "Meritocracy",
          "Simplicity and elegance",
          "kernel_development",
          "system_programming",
          "git_mastery",
          "code_review",
          "technical_writing"
        ],
        "duration_sec": 0.699,
        "error": null
      },
      {
        "run": 2,
        "dimensions": 1024,
        "embedding": [
          0.013459947891533375,
          0.027794286608695984,
          0.03842059150338173,
          0.022096481174230576,
          0.045721277594566345,
          0.016115708276629448,
          0.02592163160443306,
          0.05033062770962715,
          0.029111087322235107,
          0.0339844636619091,
          "..."
        ],
        "skill_count": 5,
        "salts_used": [
          "pragmatic",
          "Code quality above all",
          "kernel_development",
          "technical_writing",
          "Codes late into the night",
          "Talk is cheap. Show me the code.",
          "direct",
          "Open source philosophy",
          "system_programming",
          "community_building",
          "Dismisses unnecessary complexity",
          "I'm doing a (free) operating system (just a hobby, won't be big and professional like gnu).",
          "passionate"
        ],
        "descriptor_strategy": "diverse",
        "descriptors": [
          "pragmatic",
          "Code quality above all",
          "kernel_development",
          "technical_writing",
          "Codes late into the night",
          "Talk is cheap. Show me the code.",
          "direct",
          "Open source philosophy",
          "system_programming",
          "community_building",
          "Dismisses unnecessary complexity",
          "I'm doing a (free) operating system (just a hobby, won't be big and professional like gnu).",
          "passionate"
        ],
        "duration_sec": 0.683,
        "error": null
      },
      {
        "run": 3,
        "dimensions": 1024,
        "embedding": [
          0.03172127157449722,
          0.026137441396713257,
          0.032697949558496475,
          0.01777748018503189,
          0.03656761720776558,
          0.016670361161231995,
          0.03956020250916481,
          0.023123329505324364,
          0.05167457088828087,
          0.017827775329351425,
          "..."
        ],
        "skill_count": 5,
        "salts_used": [
          "pragmatic",
          "direct",
          "passionate",
          "idealistic",
          "technically_brilliant",
          "Code quality above all",
          "Open source philosophy",
          "Technical excellence",
          "Meritocracy",
          "Simplicity and elegance",
          "kernel_development",
          "system_programming",
          "git_mastery",
          "code_review",
          "technical_writing"
        ],
        "descriptor_strategy": "focused",